OrderID,CustomerID,OrderDate,PaymentMethod
1,848,2025-07-10,Credit Card
2,133,2024-03-06,Debit Card
3,677,2024-09-29,Debit Card
4,818,2025-04-14,Net Banking
5,822,2025-01-16,Debit Card
6,859,2024-01-17,Cash on Delivery
7,594,2024-05-26,Cash on Delivery
8,470,2024-09-04,Cash on Delivery
9,569,2025-05-13,Debit Card
10,899,2024-02-14,Net Banking
11,359,2023-11-19,Credit Card
12,746,2024-10-04,Net Banking
13,146,2025-04-17,UPI
14,872,2025-05-16,Debit Card
15,605,2024-09-17,Debit Card
16,374,2023-11-17,Net Banking
17,560,2025-09-04,Cash on Delivery
18,252,2023-10-11,Debit Card
19,139,2023-10-28,Cash on Delivery
20,804,2023-12-03,UPI
21,360,2025-01-28,UPI
22,551,2025-02-05,UPI
23,482,2024-12-15,UPI
24,176,2025-08-07,Net Banking
25,806,2024-08-21,Credit Card
26,526,2023-12-22,UPI
27,702,2025-07-28,UPI
28,807,2024-10-17,UPI
29,732,2024-06-10,Cash on Delivery
30,295,2024-12-17,Cash on Delivery
31,285,2025-06-11,Net Banking
32,727,2025-02-03,UPI
33,501,2024-02-08,Net Banking
34,666,2024-05-24,Net Banking
35,642,2025-05-12,Credit Card
36,427,2024-06-09,Debit Card
37,422,2025-08-03,Net Banking
38,153,2023-12-17,Debit Card
39,119,2025-07-24,UPI
40,495,2024-11-13,Debit Card
41,178,2023-09-19,Debit Card
42,327,2024-06-27,Debit Card
43,422,2024-07-14,Credit Card
44,968,2024-09-05,Debit Card
45,60,2024-05-26,UPI
46,389,2024-09-05,Net Banking
47,133,2025-08-22,UPI
48,792,2024-03-07,Cash on Delivery
49,397,2025-06-29,UPI
50,580,2024-09-17,Credit Card
51,429,2024-07-11,UPI
52,41,2024-12-06,Debit Card
53,290,2024-01-24,Credit Card
54,967,2025-01-22,Net Banking
55,655,2024-09-05,Net Banking
56,621,2024-09-09,Debit Card
57,454,2024-02-01,Credit Card
58,635,2023-12-04,Credit Card
59,342,2025-05-04,Cash on Delivery
60,652,2024-02-13,Cash on Delivery
61,27,2024-07-27,Debit Card
62,881,2025-01-12,Debit Card
63,135,2024-03-01,Net Banking
64,302,2025-02-22,Cash on Delivery
65,44,2025-04-14,Cash on Delivery
66,672,2024-12-27,Net Banking
67,369,2024-01-21,Net Banking
68,957,2024-04-10,Net Banking
69,135,2025-02-08,Credit Card
70,221,2025-06-24,Debit Card
71,947,2025-03-18,UPI
72,472,2024-02-19,Debit Card
73,72,2024-12-23,UPI
74,381,2024-05-16,Net Banking
75,720,2025-02-18,Cash on Delivery
76,235,2024-04-25,Debit Card
77,359,2024-07-27,Cash on Delivery
78,80,2024-04-24,Net Banking
79,188,2024-12-10,Debit Card
80,608,2025-06-07,Net Banking
81,974,2025-09-02,UPI
82,777,2024-04-17,Net Banking
83,333,2024-12-11,Cash on Delivery
84,895,2024-10-16,Debit Card
85,846,2025-07-01,Debit Card
86,803,2025-02-28,Credit Card
87,418,2023-12-03,Net Banking
88,569,2024-07-09,Cash on Delivery
89,354,2025-01-12,UPI
90,15,2023-11-01,Debit Card
91,810,2025-01-23,Credit Card
92,226,2025-04-03,Debit Card
93,732,2025-06-07,Cash on Delivery
94,904,2024-05-24,Net Banking
95,58,2024-01-16,UPI
96,869,2025-08-15,Net Banking
97,333,2025-09-07,Credit Card
98,866,2025-07-12,UPI
99,91,2025-01-24,Debit Card
100,826,2024-11-20,Debit Card
101,304,2023-10-30,Cash on Delivery
102,847,2025-05-06,Credit Card
103,888,2024-04-19,Net Banking
104,551,2025-03-27,Cash on Delivery
105,198,2024-01-13,Debit Card
106,677,2025-03-30,UPI
107,109,2024-05-02,Debit Card
108,44,2025-05-25,Credit Card
109,755,2024-08-17,Cash on Delivery
110,739,2025-08-31,UPI
111,58,2025-05-24,Cash on Delivery
112,621,2024-01-26,UPI
113,312,2025-06-07,Cash on Delivery
114,919,2024-02-13,Net Banking
115,15,2023-11-26,Debit Card
116,293,2024-01-12,UPI
117,471,2024-11-27,UPI
118,858,2024-03-14,Debit Card
119,621,2025-07-18,Cash on Delivery
120,862,2024-02-05,Debit Card
121,93,2024-09-26,Credit Card
122,502,2025-07-25,Debit Card
123,226,2024-06-21,Debit Card
124,990,2024-11-04,Net Banking
125,368,2024-06-12,Net Banking
126,256,2023-11-13,Net Banking
127,800,2024-09-22,Cash on Delivery
128,231,2025-05-28,Debit Card
129,257,2024-05-10,Cash on Delivery
130,75,2025-07-05,Cash on Delivery
131,548,2024-08-13,Net Banking
132,238,2025-01-28,Net Banking
133,775,2025-03-05,Net Banking
134,890,2024-04-29,Net Banking
135,46,2023-11-03,Credit Card
136,945,2025-08-25,Credit Card
137,316,2025-05-17,Cash on Delivery
138,375,2025-07-13,Net Banking
139,216,2024-10-11,Debit Card
140,523,2024-02-18,Cash on Delivery
141,384,2025-09-06,UPI
142,138,2025-08-19,Cash on Delivery
143,915,2024-06-11,UPI
144,281,2025-07-18,UPI
145,951,2025-08-11,Credit Card
146,211,2023-12-14,Cash on Delivery
147,619,2025-07-02,Cash on Delivery
148,248,2025-03-31,UPI
149,713,2023-10-10,Net Banking
150,602,2023-10-01,Debit Card
151,194,2025-05-16,Debit Card
152,760,2025-04-29,Cash on Delivery
153,342,2024-04-29,UPI
154,994,2023-10-02,Net Banking
155,776,2023-12-07,Cash on Delivery
156,571,2024-09-21,Debit Card
157,653,2023-12-11,Cash on Delivery
158,771,2023-11-24,Cash on Delivery
159,603,2024-12-12,Debit Card
160,484,2023-12-07,Credit Card
161,758,2024-09-10,Net Banking
162,745,2023-11-24,Debit Card
163,878,2024-05-29,Debit Card
164,576,2024-05-28,Net Banking
165,636,2025-09-02,Debit Card
166,410,2024-01-14,Cash on Delivery
167,433,2025-01-24,UPI
168,591,2024-08-30,UPI
169,763,2024-03-14,Credit Card
170,412,2024-08-19,Debit Card
171,505,2024-02-25,Net Banking
172,98,2025-01-29,Net Banking
173,394,2024-10-29,Cash on Delivery
174,265,2023-10-26,Credit Card
175,863,2024-04-04,Cash on Delivery
176,639,2024-09-17,Debit Card
177,1,2025-07-16,Credit Card
178,705,2024-01-01,Cash on Delivery
179,166,2025-01-27,Credit Card
180,119,2025-06-18,Cash on Delivery
181,59,2024-11-07,Credit Card
182,330,2025-03-10,UPI
183,759,2024-01-08,Net Banking
184,724,2025-02-09,Credit Card
185,718,2024-05-24,UPI
186,573,2025-01-01,Debit Card
187,827,2024-02-06,Cash on Delivery
188,379,2025-07-20,Net Banking
189,288,2024-09-23,Cash on Delivery
190,202,2023-11-12,Cash on Delivery
191,909,2024-03-23,Cash on Delivery
192,231,2025-04-29,Cash on Delivery
193,413,2024-02-07,Net Banking
194,905,2025-02-10,Debit Card
195,566,2025-01-01,Credit Card
196,655,2024-04-14,Net Banking
197,497,2024-09-15,Cash on Delivery
198,730,2024-07-16,Credit Card
199,842,2023-12-06,Net Banking
200,379,2024-02-08,UPI
201,958,2024-06-04,Cash on Delivery
202,802,2024-07-16,Debit Card
203,481,2025-04-14,Cash on Delivery
204,377,2025-03-31,Net Banking
205,165,2025-06-22,Net Banking
206,672,2025-08-27,Cash on Delivery
207,233,2025-08-11,Credit Card
208,599,2024-12-28,UPI
209,26,2024-06-06,UPI
210,274,2025-08-23,UPI
211,150,2024-03-17,Net Banking
212,229,2023-09-28,Cash on Delivery
213,688,2023-10-24,UPI
214,949,2024-07-04,UPI
215,101,2024-06-26,Net Banking
216,474,2025-08-26,UPI
217,715,2024-02-13,Debit Card
218,203,2023-09-19,Credit Card
219,648,2025-06-09,Credit Card
220,781,2024-06-01,Credit Card
221,265,2025-08-29,UPI
222,815,2024-12-05,Cash on Delivery
223,378,2025-07-06,Debit Card
224,686,2024-11-17,Cash on Delivery
225,340,2023-10-01,Net Banking
226,472,2025-03-10,Credit Card
227,651,2024-11-01,Debit Card
228,265,2024-09-24,Net Banking
229,244,2023-12-20,Credit Card
230,492,2023-10-03,Cash on Delivery
231,750,2024-10-30,Net Banking
232,506,2023-11-28,Net Banking
233,797,2025-05-17,UPI
234,211,2025-09-05,Credit Card
235,428,2024-03-28,UPI
236,820,2024-10-10,Debit Card
237,382,2024-03-26,Debit Card
238,884,2024-11-03,Credit Card
239,969,2025-09-11,Net Banking
240,276,2024-10-14,Net Banking
241,589,2024-07-19,Cash on Delivery
242,337,2025-04-05,UPI
243,824,2024-03-14,UPI
244,992,2024-07-09,Credit Card
245,423,2024-03-16,Net Banking
246,229,2024-11-27,Debit Card
247,522,2024-04-02,Cash on Delivery
248,26,2023-11-25,Cash on Delivery
249,915,2024-12-18,Net Banking
250,780,2025-04-22,Net Banking
251,455,2025-05-17,UPI
252,452,2024-12-06,UPI
253,860,2025-01-22,UPI
254,728,2024-01-26,Cash on Delivery
255,359,2025-07-28,Net Banking
256,876,2025-01-26,Debit Card
257,151,2024-06-24,UPI
258,882,2024-01-05,UPI
259,215,2024-12-12,Net Banking
260,32,2024-03-03,Debit Card
261,654,2023-10-09,Debit Card
262,507,2025-04-26,Cash on Delivery
263,931,2024-01-16,Credit Card
264,239,2025-05-08,Credit Card
265,582,2023-11-24,Cash on Delivery
266,549,2025-08-12,Cash on Delivery
267,738,2025-03-23,Cash on Delivery
268,424,2025-05-09,UPI
269,431,2025-01-25,Cash on Delivery
270,562,2023-10-29,UPI
271,119,2024-06-22,Credit Card
272,208,2024-06-23,Cash on Delivery
273,648,2025-05-17,Credit Card
274,689,2023-11-20,UPI
275,320,2025-09-01,Credit Card
276,444,2025-01-08,Net Banking
277,822,2024-05-17,Net Banking
278,35,2023-10-25,Credit Card
279,10,2024-03-13,Debit Card
280,92,2024-10-11,UPI
281,316,2024-02-02,Debit Card
282,334,2025-06-20,Debit Card
283,607,2024-12-22,UPI
284,639,2024-08-03,Debit Card
285,265,2024-11-14,Debit Card
286,89,2025-01-16,Debit Card
287,840,2024-01-03,UPI
288,453,2023-09-21,UPI
289,602,2024-04-11,Net Banking
290,853,2025-05-04,Credit Card
291,476,2024-07-15,Net Banking
292,50,2024-10-30,Debit Card
293,387,2024-04-23,Cash on Delivery
294,985,2024-03-05,UPI
295,306,2025-07-03,Debit Card
296,209,2025-06-11,Credit Card
297,457,2025-06-01,UPI
298,828,2024-02-25,Credit Card
299,246,2025-05-12,UPI
300,849,2025-03-07,UPI
301,203,2025-01-11,Net Banking
302,982,2025-03-19,UPI
303,148,2024-09-08,UPI
304,185,2025-04-14,Credit Card
305,15,2024-02-15,Cash on Delivery
306,765,2023-12-21,Debit Card
307,867,2024-03-16,Credit Card
308,226,2024-02-22,Cash on Delivery
309,50,2025-04-19,Net Banking
310,571,2025-05-14,Cash on Delivery
311,932,2024-10-10,Cash on Delivery
312,227,2024-12-11,Debit Card
313,94,2025-08-21,UPI
314,294,2024-12-09,Net Banking
315,896,2024-08-27,UPI
316,396,2023-10-27,Cash on Delivery
317,757,2024-07-17,UPI
318,148,2023-11-06,Credit Card
319,495,2025-05-07,Debit Card
320,821,2024-02-29,Net Banking
321,928,2025-03-31,Credit Card
322,829,2023-10-07,Debit Card
323,913,2024-05-24,UPI
324,882,2025-02-19,Debit Card
325,253,2024-05-19,UPI
326,235,2024-07-01,Credit Card
327,234,2023-10-05,UPI
328,489,2024-08-17,Cash on Delivery
329,758,2024-10-04,Net Banking
330,883,2024-09-06,Credit Card
331,445,2024-02-16,Credit Card
332,176,2024-03-17,Debit Card
333,491,2024-04-28,Cash on Delivery
334,829,2025-06-06,UPI
335,521,2024-03-17,Net Banking
336,601,2023-11-30,Cash on Delivery
337,152,2024-12-11,UPI
338,697,2025-01-05,Cash on Delivery
339,183,2023-09-28,UPI
340,980,2024-11-28,UPI
341,770,2024-06-16,Net Banking
342,800,2025-04-01,Net Banking
343,916,2024-06-06,Credit Card
344,838,2024-05-28,Net Banking
345,989,2024-12-20,UPI
346,779,2024-02-07,UPI
347,447,2024-03-17,UPI
348,521,2024-01-28,UPI
349,154,2024-01-30,Credit Card
350,883,2025-08-15,Debit Card
351,84,2024-08-24,Cash on Delivery
352,45,2025-05-22,UPI
353,716,2023-12-20,Debit Card
354,962,2025-06-04,Debit Card
355,669,2025-07-19,UPI
356,924,2024-02-27,UPI
357,884,2025-05-30,Cash on Delivery
358,812,2023-10-28,Net Banking
359,717,2024-06-24,UPI
360,243,2024-12-31,Debit Card
361,433,2025-07-24,UPI
362,754,2023-12-28,Cash on Delivery
363,989,2025-04-08,UPI
364,585,2025-05-14,Credit Card
365,106,2023-11-09,Credit Card
366,776,2025-03-14,Cash on Delivery
367,179,2025-06-21,Cash on Delivery
368,346,2024-11-20,Debit Card
369,871,2023-11-20,Cash on Delivery
370,308,2024-10-12,Net Banking
371,980,2025-01-09,Credit Card
372,865,2024-01-11,Cash on Delivery
373,746,2024-08-20,Credit Card
374,628,2024-10-14,Credit Card
375,102,2024-06-11,Net Banking
376,665,2024-09-16,Debit Card
377,953,2024-05-05,Net Banking
378,508,2025-04-29,Cash on Delivery
379,491,2024-10-19,UPI
380,52,2024-06-15,UPI
381,515,2024-01-31,Net Banking
382,522,2025-06-12,Debit Card
383,939,2025-06-30,Credit Card
384,557,2024-01-14,Cash on Delivery
385,456,2024-04-07,UPI
386,169,2024-02-08,Credit Card
387,173,2024-10-01,UPI
388,239,2024-09-21,Cash on Delivery
389,352,2024-04-06,UPI
390,707,2025-03-14,Net Banking
391,685,2025-09-07,Net Banking
392,223,2023-12-02,Credit Card
393,387,2024-10-20,Net Banking
394,573,2024-08-18,Net Banking
395,495,2023-10-04,Credit Card
396,470,2024-12-27,Net Banking
397,37,2025-05-19,Credit Card
398,60,2025-04-09,Credit Card
399,823,2024-05-05,Cash on Delivery
400,254,2024-01-08,Debit Card
401,820,2025-03-25,Debit Card
402,626,2025-06-21,Credit Card
403,558,2024-05-14,Net Banking
404,806,2024-07-05,Cash on Delivery
405,126,2025-06-19,Cash on Delivery
406,497,2024-03-23,Net Banking
407,556,2023-12-04,Debit Card
408,172,2024-02-27,Net Banking
409,385,2025-09-04,Cash on Delivery
410,147,2025-06-09,Debit Card
411,850,2025-03-25,Credit Card
412,346,2024-08-28,Cash on Delivery
413,956,2025-07-07,UPI
414,974,2024-01-05,Net Banking
415,46,2024-12-13,Debit Card
416,196,2024-05-04,Credit Card
417,389,2023-09-25,Net Banking
418,743,2025-01-02,UPI
419,292,2025-08-18,Net Banking
420,200,2023-12-03,Net Banking
421,22,2024-06-10,Cash on Delivery
422,735,2024-07-28,Credit Card
423,928,2024-01-24,Debit Card
424,302,2024-10-29,Net Banking
425,747,2025-01-28,UPI
426,380,2024-10-01,Cash on Delivery
427,872,2024-02-26,Credit Card
428,147,2025-05-31,Net Banking
429,588,2024-03-13,UPI
430,50,2023-12-17,Credit Card
431,911,2025-05-30,UPI
432,727,2025-04-07,Net Banking
433,54,2023-09-20,Net Banking
434,988,2025-08-12,UPI
435,559,2025-05-01,Credit Card
436,751,2025-03-31,UPI
437,118,2024-11-04,Cash on Delivery
438,406,2025-01-28,Credit Card
439,253,2025-08-01,Debit Card
440,83,2024-06-05,UPI
441,116,2025-01-30,Net Banking
442,557,2025-01-30,Cash on Delivery
443,795,2024-12-14,UPI
444,808,2025-08-23,UPI
445,584,2024-06-04,Credit Card
446,799,2025-01-15,UPI
447,388,2025-06-15,Net Banking
448,297,2023-12-17,Cash on Delivery
449,243,2025-07-22,Net Banking
450,793,2025-04-01,Credit Card
451,256,2024-09-23,Cash on Delivery
452,632,2023-10-06,Credit Card
453,629,2025-01-31,Credit Card
454,612,2023-12-31,Cash on Delivery
455,130,2025-07-20,UPI
456,315,2024-08-20,Credit Card
457,894,2025-05-24,UPI
458,995,2023-11-23,UPI
459,373,2025-03-29,Cash on Delivery
460,125,2025-02-08,Debit Card
461,438,2024-10-09,Cash on Delivery
462,604,2024-07-05,Credit Card
463,51,2024-08-21,Cash on Delivery
464,648,2025-02-17,Net Banking
465,429,2025-02-23,UPI
466,909,2023-11-19,Cash on Delivery
467,987,2024-04-11,UPI
468,331,2025-05-18,Net Banking
469,643,2024-04-20,Net Banking
470,437,2023-12-22,Net Banking
471,111,2023-12-11,Cash on Delivery
472,848,2024-02-13,UPI
473,2,2024-11-16,UPI
474,440,2024-01-02,Net Banking
475,767,2024-07-02,Cash on Delivery
476,983,2024-08-24,Debit Card
477,512,2023-10-06,Net Banking
478,283,2024-06-10,Cash on Delivery
479,29,2025-04-22,UPI
480,384,2024-11-26,Debit Card
481,105,2025-02-21,UPI
482,684,2023-10-05,Net Banking
483,371,2024-09-12,Credit Card
484,603,2025-03-06,UPI
485,803,2023-11-13,Credit Card
486,609,2024-06-18,Credit Card
487,303,2025-01-25,Debit Card
488,367,2025-06-14,Net Banking
489,27,2025-02-21,Cash on Delivery
490,485,2025-02-01,Debit Card
491,444,2024-09-06,Cash on Delivery
492,739,2024-01-03,UPI
493,324,2024-05-26,Credit Card
494,553,2025-07-21,Debit Card
495,584,2024-08-02,Net Banking
496,579,2024-06-22,Cash on Delivery
497,138,2025-03-10,UPI
498,851,2025-02-15,UPI
499,797,2024-02-15,Debit Card
500,1,2024-05-02,Cash on Delivery
501,674,2024-10-26,Net Banking
502,489,2025-09-03,Cash on Delivery
503,594,2025-07-18,Net Banking
504,114,2025-08-29,Credit Card
505,548,2024-11-07,Debit Card
506,892,2024-01-21,UPI
507,3,2024-01-16,Net Banking
508,608,2023-12-26,UPI
509,163,2025-06-26,Net Banking
510,567,2025-01-11,Debit Card
511,539,2025-05-01,Debit Card
512,209,2025-04-10,Credit Card
513,850,2024-09-19,Debit Card
514,888,2025-02-06,UPI
515,729,2024-01-15,Cash on Delivery
516,622,2023-10-20,Cash on Delivery
517,978,2023-12-09,Debit Card
518,753,2025-01-02,Debit Card
519,938,2024-06-20,Credit Card
520,386,2023-10-16,Net Banking
521,328,2023-11-28,Debit Card
522,757,2025-05-08,UPI
523,992,2023-10-29,Cash on Delivery
524,129,2025-07-12,Cash on Delivery
525,552,2023-10-11,UPI
526,459,2024-07-17,Net Banking
527,677,2025-09-06,Cash on Delivery
528,899,2025-04-11,UPI
529,373,2024-01-01,Debit Card
530,265,2025-06-25,Credit Card
531,585,2023-12-23,Debit Card
532,529,2025-01-25,Credit Card
533,276,2024-06-18,Net Banking
534,276,2024-08-28,Cash on Delivery
535,282,2024-08-19,Credit Card
536,703,2024-05-04,Credit Card
537,683,2024-09-14,Net Banking
538,622,2024-01-24,Debit Card
539,130,2024-01-04,Cash on Delivery
540,302,2024-06-16,Credit Card
541,81,2025-02-27,Debit Card
542,582,2024-03-26,UPI
543,184,2024-04-25,Net Banking
544,840,2024-11-04,Credit Card
545,869,2023-10-01,Cash on Delivery
546,245,2023-12-05,Cash on Delivery
547,399,2024-07-20,Credit Card
548,171,2025-02-03,Net Banking
549,652,2024-04-04,Cash on Delivery
550,526,2024-02-20,Cash on Delivery
551,230,2025-04-21,Debit Card
552,264,2024-01-09,Credit Card
553,952,2025-08-05,Credit Card
554,278,2024-07-05,Credit Card
555,201,2024-08-07,Net Banking
556,355,2024-12-05,Debit Card
557,574,2025-02-12,Credit Card
558,452,2024-02-04,Credit Card
559,890,2023-12-30,Credit Card
560,732,2024-05-03,UPI
561,239,2025-07-29,Cash on Delivery
562,811,2024-01-01,Net Banking
563,854,2023-11-09,Debit Card
564,435,2024-07-02,Cash on Delivery
565,344,2025-01-24,Cash on Delivery
566,167,2024-01-08,Net Banking
567,480,2024-02-14,Credit Card
568,587,2024-08-15,Debit Card
569,460,2024-06-08,Net Banking
570,176,2023-10-02,UPI
571,612,2025-08-17,Debit Card
572,858,2025-05-03,Debit Card
573,836,2024-01-17,Net Banking
574,656,2025-08-23,UPI
575,207,2024-01-12,Credit Card
576,710,2024-11-04,Cash on Delivery
577,123,2024-11-26,UPI
578,388,2024-12-31,Net Banking
579,407,2023-12-28,Credit Card
580,875,2025-06-10,UPI
581,22,2025-02-02,Cash on Delivery
582,231,2025-02-05,UPI
583,239,2025-05-14,Net Banking
584,413,2024-07-04,UPI
585,110,2025-04-08,Credit Card
586,832,2024-05-21,Credit Card
587,308,2024-09-21,Net Banking
588,168,2024-05-13,Debit Card
589,389,2024-07-25,Debit Card
590,308,2024-04-05,Credit Card
591,242,2024-01-21,Cash on Delivery
592,336,2025-05-20,UPI
593,554,2025-04-11,Debit Card
594,950,2024-10-31,Credit Card
595,56,2025-01-14,Credit Card
596,212,2024-06-26,Net Banking
597,864,2023-12-27,Credit Card
598,122,2024-11-09,UPI
599,302,2024-03-06,Debit Card
600,640,2025-04-06,UPI
601,338,2024-02-26,Cash on Delivery
602,642,2023-09-20,UPI
603,581,2024-08-23,UPI
604,139,2023-11-15,Cash on Delivery
605,923,2024-01-06,Debit Card
606,462,2024-01-26,Credit Card
607,759,2025-03-01,Debit Card
608,10,2024-03-03,UPI
609,868,2025-08-24,Debit Card
610,165,2024-04-17,Cash on Delivery
611,798,2025-03-12,Net Banking
612,795,2024-11-23,Credit Card
613,620,2024-11-03,Cash on Delivery
614,718,2025-06-28,Debit Card
615,455,2025-01-21,Net Banking
616,908,2024-05-28,Credit Card
617,818,2024-05-07,Debit Card
618,626,2024-02-18,Net Banking
619,753,2025-06-27,Debit Card
620,548,2025-08-03,Debit Card
621,77,2025-06-13,Credit Card
622,317,2024-05-15,UPI
623,322,2025-05-04,Debit Card
624,191,2025-04-05,Cash on Delivery
625,174,2024-06-19,UPI
626,773,2024-06-07,Credit Card
627,846,2023-09-23,Net Banking
628,100,2024-03-25,UPI
629,696,2025-04-06,Net Banking
630,547,2025-01-26,Cash on Delivery
631,541,2024-10-05,Cash on Delivery
632,35,2024-08-01,UPI
633,676,2024-06-04,UPI
634,665,2025-03-23,Debit Card
635,821,2024-09-23,Credit Card
636,300,2024-12-25,Debit Card
637,672,2024-03-18,Net Banking
638,48,2023-11-03,Debit Card
639,252,2024-12-28,Debit Card
640,305,2025-04-06,Credit Card
641,456,2025-06-25,UPI
642,226,2023-10-08,Net Banking
643,610,2024-01-09,UPI
644,757,2025-04-28,UPI
645,234,2024-10-09,Credit Card
646,779,2023-10-19,Debit Card
647,890,2024-10-30,Cash on Delivery
648,60,2025-05-16,Cash on Delivery
649,872,2024-04-03,Debit Card
650,25,2024-12-03,UPI
651,115,2024-02-18,Cash on Delivery
652,25,2025-01-21,UPI
653,49,2025-04-16,Cash on Delivery
654,398,2024-09-04,Debit Card
655,671,2023-12-11,Cash on Delivery
656,268,2024-01-21,Debit Card
657,972,2024-08-30,Credit Card
658,2,2024-02-01,Cash on Delivery
659,484,2023-11-08,Cash on Delivery
660,215,2023-11-14,Net Banking
661,292,2025-05-30,Debit Card
662,682,2025-01-07,Debit Card
663,384,2025-01-14,Credit Card
664,658,2024-07-24,Net Banking
665,989,2025-01-02,Net Banking
666,437,2024-05-02,Net Banking
667,115,2024-01-19,Credit Card
668,449,2024-05-12,Credit Card
669,306,2024-06-10,Cash on Delivery
670,722,2024-10-05,Credit Card
671,423,2025-06-03,UPI
672,364,2023-11-10,Debit Card
673,762,2025-07-13,Debit Card
674,496,2023-10-26,Cash on Delivery
675,816,2024-09-05,Net Banking
676,277,2024-09-01,Cash on Delivery
677,781,2024-02-21,Credit Card
678,257,2025-02-07,Credit Card
679,404,2025-07-07,Cash on Delivery
680,897,2024-02-14,Net Banking
681,592,2025-09-16,Debit Card
682,430,2024-08-08,UPI
683,798,2024-03-16,Net Banking
684,73,2025-01-24,Cash on Delivery
685,616,2024-05-29,Debit Card
686,143,2025-07-02,Credit Card
687,723,2023-10-25,Cash on Delivery
688,522,2024-01-29,Cash on Delivery
689,196,2024-04-15,Credit Card
690,970,2024-06-29,Cash on Delivery
691,48,2023-12-10,Debit Card
692,292,2025-08-11,Credit Card
693,815,2023-10-11,Cash on Delivery
694,915,2024-05-28,Debit Card
695,858,2023-12-26,UPI
696,890,2025-06-09,Net Banking
697,192,2025-01-15,Debit Card
698,508,2024-03-25,Credit Card
699,198,2025-04-30,Debit Card
700,937,2023-11-21,Credit Card
701,727,2024-02-25,Cash on Delivery
702,760,2024-04-06,Debit Card
703,112,2025-09-10,UPI
704,290,2024-06-08,Net Banking
705,332,2025-02-06,Cash on Delivery
706,861,2024-05-10,Net Banking
707,418,2025-04-29,UPI
708,534,2024-02-22,Cash on Delivery
709,573,2025-07-26,Cash on Delivery
710,178,2023-10-13,Cash on Delivery
711,789,2024-10-25,Net Banking
712,100,2024-08-29,Debit Card
713,576,2023-11-28,Net Banking
714,848,2023-11-29,Net Banking
715,122,2024-10-04,Debit Card
716,247,2025-07-02,Net Banking
717,580,2025-03-19,Debit Card
718,246,2024-05-24,Net Banking
719,445,2024-09-14,UPI
720,550,2024-08-10,Debit Card
721,540,2024-10-08,Credit Card
722,894,2025-08-01,Cash on Delivery
723,977,2024-08-30,Credit Card
724,128,2025-03-18,UPI
725,232,2024-08-20,Debit Card
726,158,2024-07-02,Credit Card
727,725,2025-09-14,Credit Card
728,331,2025-01-24,Credit Card
729,616,2023-12-20,Debit Card
730,940,2023-10-04,UPI
731,202,2024-11-24,Net Banking
732,152,2024-08-05,Debit Card
733,647,2024-10-24,UPI
734,436,2025-01-06,Credit Card
735,412,2025-03-25,Net Banking
736,562,2024-05-16,Net Banking
737,251,2024-09-03,Cash on Delivery
738,170,2023-09-19,Credit Card
739,622,2024-02-05,Credit Card
740,758,2024-02-24,Debit Card
741,434,2024-01-25,UPI
742,258,2024-07-14,UPI
743,142,2023-09-27,Credit Card
744,674,2025-06-10,Net Banking
745,420,2024-11-14,Debit Card
746,631,2025-04-29,Credit Card
747,914,2024-07-11,Cash on Delivery
748,407,2023-12-29,Debit Card
749,342,2024-12-06,Credit Card
750,763,2025-03-15,Debit Card
751,946,2024-07-28,Cash on Delivery
752,618,2025-07-09,Credit Card
753,85,2025-04-07,UPI
754,549,2023-11-04,Debit Card
755,30,2024-07-09,Credit Card
756,449,2025-08-09,Cash on Delivery
757,352,2025-08-25,Credit Card
758,534,2025-07-02,Debit Card
759,587,2025-01-20,Net Banking
760,646,2024-09-24,Debit Card
761,180,2024-02-03,Cash on Delivery
762,935,2024-12-17,Net Banking
763,367,2024-06-14,Net Banking
764,939,2023-09-19,Debit Card
765,728,2024-07-14,Net Banking
766,472,2025-06-18,Net Banking
767,661,2025-06-26,UPI
768,793,2024-09-19,UPI
769,214,2025-02-20,Credit Card
770,250,2024-12-02,UPI
771,923,2024-02-12,UPI
772,189,2023-10-25,UPI
773,564,2024-12-10,UPI
774,297,2024-02-27,Debit Card
775,164,2024-02-14,Net Banking
776,169,2025-02-16,Credit Card
777,941,2025-04-03,Net Banking
778,669,2023-10-24,Cash on Delivery
779,193,2024-12-28,Net Banking
780,698,2024-01-10,Credit Card
781,588,2023-10-02,Credit Card
782,571,2023-10-07,Net Banking
783,460,2025-05-22,Net Banking
784,69,2024-08-22,Cash on Delivery
785,824,2024-10-26,UPI
786,794,2025-02-09,Net Banking
787,329,2023-11-07,Debit Card
788,351,2025-09-14,Cash on Delivery
789,561,2024-08-28,Net Banking
790,162,2024-04-16,UPI
791,613,2023-12-14,Debit Card
792,958,2024-02-01,Debit Card
793,870,2024-02-17,Credit Card
794,651,2024-12-14,Net Banking
795,475,2025-05-28,UPI
796,878,2024-04-15,Debit Card
797,976,2025-02-14,Debit Card
798,549,2025-08-28,Credit Card
799,433,2025-01-18,Credit Card
800,569,2024-04-21,Debit Card
801,359,2023-10-07,Credit Card
802,125,2025-03-17,Debit Card
803,273,2023-09-23,Credit Card
804,705,2023-12-24,UPI
805,361,2025-08-17,Debit Card
806,957,2025-07-30,Debit Card
807,756,2024-04-12,Cash on Delivery
808,542,2025-01-31,Net Banking
809,523,2023-11-22,Cash on Delivery
810,683,2024-09-16,Credit Card
811,901,2024-06-05,Credit Card
812,246,2024-04-28,Cash on Delivery
813,319,2024-01-09,Debit Card
814,467,2024-11-17,Credit Card
815,430,2024-05-06,Debit Card
816,35,2023-12-19,Credit Card
817,593,2024-04-04,UPI
818,170,2025-07-09,Cash on Delivery
819,672,2024-03-08,UPI
820,45,2024-11-26,UPI
821,467,2024-02-27,Debit Card
822,968,2025-02-16,Debit Card
823,253,2024-02-27,UPI
824,695,2024-02-28,Debit Card
825,303,2023-12-29,Debit Card
826,488,2025-04-15,Cash on Delivery
827,641,2025-05-21,Cash on Delivery
828,511,2024-03-15,UPI
829,678,2024-10-04,Credit Card
830,277,2024-11-16,Net Banking
831,611,2024-06-05,Credit Card
832,482,2025-03-18,Net Banking
833,562,2024-12-26,Net Banking
834,402,2023-11-10,Credit Card
835,893,2024-09-29,Cash on Delivery
836,857,2023-09-19,Net Banking
837,386,2025-01-29,Net Banking
838,787,2023-09-22,Cash on Delivery
839,981,2024-06-24,Cash on Delivery
840,572,2025-09-16,Cash on Delivery
841,164,2025-04-10,Credit Card
842,269,2025-05-22,Credit Card
843,877,2025-01-06,Credit Card
844,237,2024-03-20,Debit Card
845,738,2025-03-22,UPI
846,444,2025-05-16,Net Banking
847,944,2023-11-28,Cash on Delivery
848,214,2024-07-23,Net Banking
849,892,2025-07-10,Cash on Delivery
850,513,2025-04-25,UPI
851,933,2024-11-14,UPI
852,85,2024-12-31,Net Banking
853,798,2024-07-04,Debit Card
854,323,2024-08-03,Credit Card
855,337,2025-08-15,Credit Card
856,368,2024-12-09,UPI
857,118,2023-10-04,Cash on Delivery
858,387,2025-04-05,Debit Card
859,22,2024-03-25,Cash on Delivery
860,58,2025-07-13,Debit Card
861,817,2024-09-13,Credit Card
862,93,2023-11-14,Credit Card
863,644,2024-02-21,Credit Card
864,957,2024-07-07,Net Banking
865,815,2025-09-17,UPI
866,923,2024-01-19,Net Banking
867,126,2025-09-03,Debit Card
868,573,2024-01-05,Credit Card
869,346,2024-11-20,UPI
870,825,2024-08-27,Net Banking
871,415,2024-02-15,Cash on Delivery
872,733,2023-11-03,Debit Card
873,69,2024-08-28,Credit Card
874,759,2023-10-06,UPI
875,977,2025-09-10,Debit Card
876,470,2024-02-05,Debit Card
877,559,2024-02-26,Credit Card
878,786,2024-08-08,Credit Card
879,726,2024-01-08,UPI
880,608,2023-12-12,UPI
881,596,2024-05-13,UPI
882,836,2025-09-14,UPI
883,959,2025-07-29,Cash on Delivery
884,14,2024-10-25,Cash on Delivery
885,427,2025-02-17,Credit Card
886,835,2024-09-03,Credit Card
887,356,2025-07-31,Net Banking
888,18,2024-06-17,Debit Card
889,620,2025-01-16,UPI
890,1,2025-01-21,Net Banking
891,891,2024-10-06,Net Banking
892,172,2025-05-05,UPI
893,745,2024-06-28,Net Banking
894,769,2024-06-13,Debit Card
895,959,2024-04-28,Debit Card
896,61,2024-01-08,Cash on Delivery
897,866,2025-01-23,Cash on Delivery
898,672,2023-09-24,Credit Card
899,190,2024-05-19,UPI
900,351,2025-08-12,Net Banking
901,287,2024-10-23,Cash on Delivery
902,394,2025-02-09,Cash on Delivery
903,159,2024-06-01,Net Banking
904,85,2024-04-01,UPI
905,653,2023-12-26,Cash on Delivery
906,495,2025-04-03,Net Banking
907,551,2024-01-20,Net Banking
908,746,2025-02-22,Debit Card
909,488,2023-10-06,Credit Card
910,99,2024-07-13,Net Banking
911,762,2024-07-21,Cash on Delivery
912,195,2023-11-28,Credit Card
913,683,2025-07-31,UPI
914,441,2025-06-18,Cash on Delivery
915,928,2024-10-29,Net Banking
916,650,2024-04-27,Credit Card
917,434,2024-06-15,Net Banking
918,877,2024-04-02,Net Banking
919,549,2025-06-20,Net Banking
920,591,2024-09-27,Credit Card
921,301,2024-03-12,Credit Card
922,182,2024-06-24,Cash on Delivery
923,313,2025-09-18,UPI
924,979,2024-01-02,UPI
925,468,2024-10-12,Debit Card
926,635,2023-11-22,UPI
927,439,2024-06-22,Cash on Delivery
928,22,2023-11-25,Credit Card
929,959,2024-05-07,Cash on Delivery
930,51,2025-02-14,Cash on Delivery
931,70,2024-04-24,Net Banking
932,997,2025-08-28,Cash on Delivery
933,47,2025-03-14,Net Banking
934,223,2024-10-13,Credit Card
935,812,2024-10-14,UPI
936,216,2024-06-13,Credit Card
937,687,2025-09-05,UPI
938,457,2023-11-04,Cash on Delivery
939,922,2024-08-09,Debit Card
940,375,2024-10-16,Net Banking
941,775,2024-01-02,Cash on Delivery
942,760,2025-01-30,Debit Card
943,811,2024-02-01,Debit Card
944,279,2025-06-29,Cash on Delivery
945,770,2024-11-22,Credit Card
946,613,2025-01-20,Debit Card
947,868,2024-02-15,Debit Card
948,486,2024-01-30,Cash on Delivery
949,54,2023-09-20,Debit Card
950,243,2025-03-09,UPI
951,903,2024-06-15,Credit Card
952,46,2024-06-23,Net Banking
953,618,2024-11-12,Cash on Delivery
954,50,2023-11-19,UPI
955,538,2024-03-26,Credit Card
956,862,2024-05-16,Credit Card
957,338,2024-11-28,Debit Card
958,385,2025-06-23,Debit Card
959,345,2024-06-26,Cash on Delivery
960,812,2023-10-07,Debit Card
961,562,2023-10-28,Net Banking
962,666,2025-04-24,Debit Card
963,33,2025-04-12,Cash on Delivery
964,707,2025-07-25,Credit Card
965,743,2023-12-15,Net Banking
966,701,2025-08-30,UPI
967,54,2025-07-25,UPI
968,237,2025-01-19,Net Banking
969,567,2024-05-17,Debit Card
970,289,2024-05-19,Cash on Delivery
971,392,2024-02-13,Debit Card
972,17,2023-12-16,Net Banking
973,855,2023-10-24,Cash on Delivery
974,458,2025-07-27,Cash on Delivery
975,113,2024-11-20,Debit Card
976,942,2024-04-14,Net Banking
977,667,2025-03-23,Cash on Delivery
978,894,2025-05-19,Net Banking
979,606,2024-11-25,Net Banking
980,262,2024-04-01,UPI
981,877,2024-12-20,Debit Card
982,874,2024-07-01,Debit Card
983,149,2025-07-27,Credit Card
984,106,2025-07-04,UPI
985,248,2024-08-02,Debit Card
986,213,2024-08-09,Cash on Delivery
987,484,2025-03-21,UPI
988,351,2024-02-05,UPI
989,193,2025-06-16,Debit Card
990,597,2025-08-16,Credit Card
991,370,2025-05-11,Cash on Delivery
992,639,2025-07-03,Debit Card
993,384,2024-03-28,Net Banking
994,369,2025-02-10,Net Banking
995,716,2025-06-28,Credit Card
996,178,2025-07-25,Credit Card
997,658,2024-09-12,Net Banking
998,500,2024-04-14,Net Banking
999,706,2023-09-30,UPI
1000,163,2025-06-08,Cash on Delivery
1001,980,2025-04-26,Credit Card
1002,841,2023-11-30,Net Banking
1003,218,2025-05-13,UPI
1004,275,2025-08-15,Credit Card
1005,713,2023-11-13,UPI
1006,910,2023-10-14,UPI
1007,856,2024-11-27,UPI
1008,377,2025-05-15,Debit Card
1009,37,2024-12-17,Net Banking
1010,871,2025-02-15,Debit Card
1011,663,2025-04-03,Credit Card
1012,173,2025-09-18,Credit Card
1013,72,2025-03-13,UPI
1014,188,2025-01-25,Credit Card
1015,420,2024-12-08,Credit Card
1016,394,2025-09-08,Credit Card
1017,475,2024-07-04,Net Banking
1018,830,2025-03-18,Credit Card
1019,791,2024-09-10,UPI
1020,300,2025-05-26,Cash on Delivery
1021,831,2023-10-27,UPI
1022,800,2024-02-17,Cash on Delivery
1023,864,2023-12-21,UPI
1024,337,2024-01-11,Debit Card
1025,102,2023-12-20,Credit Card
1026,803,2023-12-26,Credit Card
1027,141,2024-03-21,UPI
1028,844,2024-10-25,Cash on Delivery
1029,695,2024-12-23,Cash on Delivery
1030,707,2024-03-01,Credit Card
1031,463,2024-10-02,Cash on Delivery
1032,770,2024-02-12,Debit Card
1033,395,2025-05-03,Net Banking
1034,836,2024-05-16,Net Banking
1035,956,2024-05-05,Debit Card
1036,510,2024-04-05,Credit Card
1037,15,2024-10-13,Credit Card
1038,798,2024-11-04,Credit Card
1039,501,2025-08-15,Net Banking
1040,327,2024-03-24,Credit Card
1041,112,2025-07-08,Debit Card
1042,86,2024-06-23,Cash on Delivery
1043,457,2024-09-24,UPI
1044,407,2024-04-15,Credit Card
1045,175,2023-09-30,UPI
1046,430,2024-11-02,Net Banking
1047,966,2024-09-24,Debit Card
1048,123,2025-06-28,UPI
1049,679,2023-11-06,Credit Card
1050,992,2024-04-14,Cash on Delivery
1051,751,2025-05-24,Debit Card
1052,196,2025-07-26,Debit Card
1053,911,2023-11-17,UPI
1054,791,2024-12-24,Credit Card
1055,460,2024-04-30,UPI
1056,350,2024-10-12,Credit Card
1057,766,2025-02-10,UPI
1058,545,2025-09-18,Credit Card
1059,661,2024-06-03,Cash on Delivery
1060,566,2024-04-12,Credit Card
1061,52,2023-12-30,Cash on Delivery
1062,772,2025-07-31,Net Banking
1063,679,2025-09-15,Credit Card
1064,976,2024-08-13,Cash on Delivery
1065,915,2025-06-15,Credit Card
1066,590,2024-04-04,Cash on Delivery
1067,996,2023-10-08,Net Banking
1068,112,2023-11-19,Debit Card
1069,538,2025-06-27,Net Banking
1070,228,2024-09-03,Debit Card
1071,686,2024-11-17,Cash on Delivery
1072,974,2025-05-22,UPI
1073,577,2023-12-12,Debit Card
1074,678,2025-03-20,Cash on Delivery
1075,855,2024-09-13,Credit Card
1076,646,2025-03-12,Cash on Delivery
1077,397,2023-11-04,Cash on Delivery
1078,313,2024-11-25,Net Banking
1079,362,2025-08-28,Debit Card
1080,628,2025-06-16,Debit Card
1081,388,2024-03-25,Debit Card
1082,335,2024-10-19,UPI
1083,369,2024-09-06,UPI
1084,250,2025-04-22,Net Banking
1085,469,2024-04-11,Net Banking
1086,687,2023-12-20,Credit Card
1087,131,2025-09-03,Cash on Delivery
1088,538,2025-04-12,UPI
1089,57,2024-11-01,UPI
1090,386,2023-12-13,UPI
1091,3,2024-09-14,Credit Card
1092,909,2024-02-05,Credit Card
1093,595,2024-11-30,Debit Card
1094,895,2023-12-14,UPI
1095,644,2024-04-23,Debit Card
1096,655,2024-04-25,Cash on Delivery
1097,379,2025-01-12,Cash on Delivery
1098,250,2023-10-16,Debit Card
1099,626,2025-05-28,Debit Card
1100,385,2023-11-21,Debit Card
1101,274,2023-11-21,UPI
1102,122,2025-06-28,Debit Card
1103,320,2025-06-16,UPI
1104,290,2024-06-17,Debit Card
1105,818,2025-03-03,Debit Card
1106,371,2024-05-02,Debit Card
1107,478,2025-04-10,Cash on Delivery
1108,448,2025-01-31,Credit Card
1109,914,2023-10-26,Net Banking
1110,763,2023-12-27,Net Banking
1111,768,2023-12-14,Net Banking
1112,495,2024-08-18,UPI
1113,598,2025-07-14,UPI
1114,120,2023-10-26,Debit Card
1115,725,2024-07-09,Credit Card
1116,990,2024-08-14,Cash on Delivery
1117,981,2025-02-27,Cash on Delivery
1118,337,2025-05-31,Credit Card
1119,878,2024-09-29,Credit Card
1120,492,2024-02-20,Cash on Delivery
1121,665,2024-01-11,Net Banking
1122,23,2024-11-17,Net Banking
1123,886,2024-04-18,Net Banking
1124,520,2025-03-11,Net Banking
1125,333,2024-07-07,Net Banking
1126,854,2024-02-08,Cash on Delivery
1127,66,2025-01-22,Credit Card
1128,734,2025-01-17,Cash on Delivery
1129,531,2024-08-11,Cash on Delivery
1130,427,2024-07-16,UPI
1131,127,2024-11-09,UPI
1132,476,2025-02-05,Debit Card
1133,483,2024-10-02,UPI
1134,618,2024-11-26,Net Banking
1135,965,2024-02-16,Net Banking
1136,107,2025-05-25,Debit Card
1137,195,2025-03-13,Debit Card
1138,474,2025-04-06,Net Banking
1139,56,2025-09-05,UPI
1140,85,2025-07-27,Net Banking
1141,612,2025-03-29,Cash on Delivery
1142,66,2024-06-13,Cash on Delivery
1143,288,2023-10-28,Cash on Delivery
1144,220,2023-12-15,Debit Card
1145,285,2025-02-21,Cash on Delivery
1146,340,2024-03-02,Cash on Delivery
1147,546,2023-10-01,Debit Card
1148,600,2024-01-20,Debit Card
1149,893,2025-06-28,Credit Card
1150,795,2023-10-18,Net Banking
1151,169,2024-09-24,UPI
1152,844,2025-07-04,Debit Card
1153,772,2025-02-02,Net Banking
1154,331,2025-06-19,UPI
1155,153,2025-06-18,Debit Card
1156,752,2025-03-11,Cash on Delivery
1157,230,2025-06-30,Net Banking
1158,59,2024-05-31,UPI
1159,157,2024-05-26,Net Banking
1160,114,2024-12-13,Credit Card
1161,149,2025-05-07,Net Banking
1162,20,2023-10-19,UPI
1163,150,2025-04-02,Credit Card
1164,404,2024-06-06,Cash on Delivery
1165,339,2024-06-30,UPI
1166,934,2025-03-14,UPI
1167,884,2024-10-15,UPI
1168,258,2025-08-24,Debit Card
1169,620,2024-01-19,Credit Card
1170,874,2024-04-08,UPI
1171,797,2025-06-05,Net Banking
1172,785,2024-12-05,Debit Card
1173,352,2025-01-15,Net Banking
1174,399,2023-11-26,Credit Card
1175,371,2024-10-23,UPI
1176,749,2024-02-16,UPI
1177,658,2024-05-12,Credit Card
1178,868,2025-04-28,UPI
1179,397,2023-12-16,UPI
1180,680,2023-12-20,Credit Card
1181,222,2024-08-21,Credit Card
1182,249,2024-03-04,Debit Card
1183,906,2023-11-04,Net Banking
1184,417,2023-11-02,Cash on Delivery
1185,608,2024-03-20,Debit Card
1186,965,2025-03-14,Credit Card
1187,821,2025-08-30,Cash on Delivery
1188,507,2025-07-13,Cash on Delivery
1189,386,2023-10-05,Cash on Delivery
1190,457,2025-06-27,Credit Card
1191,120,2024-09-28,Debit Card
1192,541,2024-01-22,Net Banking
1193,540,2023-10-10,Credit Card
1194,175,2024-02-23,Cash on Delivery
1195,975,2024-05-13,UPI
1196,661,2025-03-17,Credit Card
1197,610,2025-08-17,Debit Card
1198,521,2025-03-10,Net Banking
1199,323,2023-11-02,Credit Card
1200,523,2025-06-08,Credit Card
1201,149,2025-01-28,Credit Card
1202,9,2024-11-02,Debit Card
1203,693,2025-07-02,Net Banking
1204,952,2024-12-16,Cash on Delivery
1205,10,2025-06-18,Debit Card
1206,57,2024-02-02,UPI
1207,716,2025-06-15,Net Banking
1208,164,2024-02-25,Cash on Delivery
1209,614,2023-11-04,Debit Card
1210,452,2023-12-02,UPI
1211,556,2025-03-14,Debit Card
1212,304,2024-04-14,Cash on Delivery
1213,888,2024-05-25,Credit Card
1214,428,2024-01-11,Net Banking
1215,694,2023-11-06,Debit Card
1216,446,2023-12-01,Credit Card
1217,322,2024-03-11,Net Banking
1218,893,2024-09-22,UPI
1219,214,2025-06-04,Debit Card
1220,517,2024-04-07,Net Banking
1221,564,2025-07-11,Credit Card
1222,524,2025-04-23,Debit Card
1223,489,2024-08-01,Debit Card
1224,441,2025-06-12,Net Banking
1225,500,2023-09-22,UPI
1226,773,2025-08-06,Cash on Delivery
1227,747,2025-05-12,Cash on Delivery
1228,102,2025-05-30,Credit Card
1229,508,2024-01-28,Net Banking
1230,757,2024-07-10,Net Banking
1231,731,2023-10-07,Cash on Delivery
1232,414,2024-05-26,Net Banking
1233,77,2024-07-13,Credit Card
1234,97,2024-01-13,UPI
1235,689,2024-09-06,UPI
1236,589,2025-03-29,Cash on Delivery
1237,395,2024-12-22,Debit Card
1238,592,2024-07-09,Net Banking
1239,913,2024-04-13,Net Banking
1240,938,2025-03-27,UPI
1241,996,2025-07-27,Debit Card
1242,561,2025-04-30,UPI
1243,945,2023-11-25,UPI
1244,322,2025-08-05,Debit Card
1245,252,2024-02-04,Net Banking
1246,170,2024-11-29,Cash on Delivery
1247,899,2024-08-16,UPI
1248,104,2024-05-04,Debit Card
1249,326,2025-06-20,UPI
1250,99,2025-04-23,Credit Card
1251,127,2024-02-19,Credit Card
1252,915,2023-12-29,Credit Card
1253,615,2024-05-09,Credit Card
1254,634,2024-06-18,UPI
1255,188,2024-10-07,Debit Card
1256,538,2024-09-14,UPI
1257,324,2025-09-14,Debit Card
1258,421,2024-07-31,Debit Card
1259,679,2025-06-16,Debit Card
1260,179,2023-11-30,Net Banking
1261,619,2024-03-17,Credit Card
1262,306,2024-10-21,UPI
1263,555,2024-08-22,Cash on Delivery
1264,988,2025-07-02,Cash on Delivery
1265,911,2024-06-15,UPI
1266,499,2023-11-03,UPI
1267,963,2024-11-07,Cash on Delivery
1268,882,2024-04-30,UPI
1269,598,2025-01-31,UPI
1270,215,2024-11-02,UPI
1271,605,2024-05-23,Net Banking
1272,274,2025-07-09,Debit Card
1273,300,2025-04-05,Debit Card
1274,963,2025-01-23,Net Banking
1275,698,2025-06-23,Cash on Delivery
1276,379,2024-04-21,Net Banking
1277,53,2024-09-01,Cash on Delivery
1278,458,2023-10-09,Cash on Delivery
1279,197,2025-05-31,Net Banking
1280,121,2024-12-14,Cash on Delivery
1281,393,2024-11-02,Debit Card
1282,730,2024-12-12,Credit Card
1283,624,2024-01-22,Net Banking
1284,593,2024-02-18,Net Banking
1285,834,2024-07-12,Credit Card
1286,314,2025-07-15,Net Banking
1287,90,2025-03-28,Credit Card
1288,411,2024-03-23,Cash on Delivery
1289,51,2025-04-26,Debit Card
1290,496,2025-05-20,Cash on Delivery
1291,910,2024-02-20,UPI
1292,921,2025-05-25,Debit Card
1293,414,2025-01-29,Cash on Delivery
1294,748,2024-11-07,Credit Card
1295,18,2024-09-20,UPI
1296,200,2024-04-03,Debit Card
1297,875,2023-09-28,Net Banking
1298,867,2024-11-03,Credit Card
1299,431,2024-10-05,Cash on Delivery
1300,957,2024-10-14,UPI
1301,410,2025-07-13,UPI
1302,322,2025-03-22,Net Banking
1303,960,2024-11-07,Credit Card
1304,266,2025-02-05,Cash on Delivery
1305,91,2024-06-27,Debit Card
1306,694,2025-03-10,Credit Card
1307,156,2024-01-14,UPI
1308,589,2023-11-01,UPI
1309,294,2025-03-11,Cash on Delivery
1310,130,2025-08-02,Net Banking
1311,982,2025-03-01,Debit Card
1312,791,2024-05-29,Net Banking
1313,754,2025-04-27,Net Banking
1314,893,2024-09-11,Debit Card
1315,52,2025-07-27,Credit Card
1316,585,2025-01-23,Cash on Delivery
1317,967,2025-04-10,Credit Card
1318,661,2025-01-04,Credit Card
1319,566,2025-02-08,UPI
1320,770,2024-08-17,UPI
1321,745,2024-12-25,Cash on Delivery
1322,54,2025-01-13,UPI
1323,292,2024-10-02,Credit Card
1324,350,2024-04-05,Net Banking
1325,314,2024-01-09,Net Banking
1326,215,2024-10-07,Debit Card
1327,250,2024-10-19,UPI
1328,835,2025-05-30,Cash on Delivery
1329,320,2024-05-28,Cash on Delivery
1330,611,2023-12-15,Credit Card
1331,977,2024-11-26,UPI
1332,56,2025-05-20,Debit Card
1333,530,2025-01-23,Cash on Delivery
1334,18,2024-12-10,Net Banking
1335,380,2024-01-09,UPI
1336,442,2023-12-08,Credit Card
1337,985,2023-12-15,UPI
1338,22,2024-10-17,Credit Card
1339,642,2024-11-05,Cash on Delivery
1340,799,2023-10-16,Cash on Delivery
1341,876,2024-05-15,Credit Card
1342,512,2024-04-30,UPI
1343,78,2023-12-26,Cash on Delivery
1344,97,2024-06-18,UPI
1345,796,2023-11-18,Debit Card
1346,670,2024-03-02,Net Banking
1347,598,2024-11-14,Debit Card
1348,100,2024-07-30,Cash on Delivery
1349,666,2025-07-09,Cash on Delivery
1350,668,2024-12-30,UPI
1351,294,2024-06-27,Cash on Delivery
1352,70,2024-01-06,Credit Card
1353,766,2025-01-05,Debit Card
1354,8,2024-04-10,Net Banking
1355,126,2024-08-25,Cash on Delivery
1356,1,2024-05-29,Credit Card
1357,210,2023-12-04,Net Banking
1358,494,2025-09-04,Debit Card
1359,19,2024-10-08,Credit Card
1360,42,2025-02-13,Credit Card
1361,934,2024-09-27,UPI
1362,763,2024-11-10,Net Banking
1363,550,2023-11-29,Net Banking
1364,38,2025-03-27,Credit Card
1365,936,2023-10-03,Cash on Delivery
1366,489,2025-02-03,Cash on Delivery
1367,624,2024-09-12,Net Banking
1368,407,2023-10-19,Cash on Delivery
1369,505,2025-07-20,Debit Card
1370,435,2024-02-08,UPI
1371,793,2024-06-13,Debit Card
1372,260,2025-09-08,Credit Card
1373,470,2025-07-27,Debit Card
1374,382,2024-03-26,Credit Card
1375,845,2024-02-29,Cash on Delivery
1376,369,2025-07-08,Debit Card
1377,660,2023-09-29,Net Banking
1378,729,2024-04-30,Net Banking
1379,527,2025-08-13,UPI
1380,647,2023-11-02,Credit Card
1381,744,2024-08-29,Cash on Delivery
1382,77,2024-09-11,UPI
1383,604,2025-06-01,UPI
1384,578,2025-07-12,Net Banking
1385,29,2025-07-07,Credit Card
1386,143,2025-05-02,Net Banking
1387,603,2025-08-06,Cash on Delivery
1388,567,2025-04-18,UPI
1389,745,2023-10-15,UPI
1390,60,2024-05-08,Debit Card
1391,122,2023-10-05,Credit Card
1392,894,2024-05-09,Net Banking
1393,259,2025-04-01,Net Banking
1394,333,2024-04-16,Net Banking
1395,368,2024-11-27,Net Banking
1396,998,2025-06-26,Net Banking
1397,520,2023-11-22,Cash on Delivery
1398,970,2024-12-10,UPI
1399,407,2023-11-14,Debit Card
1400,414,2024-11-23,UPI
1401,948,2024-01-21,UPI
1402,851,2025-02-26,Cash on Delivery
1403,904,2024-06-21,Net Banking
1404,269,2024-04-24,Net Banking
1405,146,2024-03-01,Net Banking
1406,195,2023-11-15,UPI
1407,223,2024-04-29,Credit Card
1408,327,2025-07-20,Debit Card
1409,242,2024-10-15,Debit Card
1410,233,2024-09-22,Credit Card
1411,748,2024-02-29,Credit Card
1412,819,2023-11-23,Net Banking
1413,172,2025-02-21,UPI
1414,664,2024-07-17,Credit Card
1415,86,2023-11-01,UPI
1416,273,2024-12-13,UPI
1417,754,2024-10-10,Credit Card
1418,70,2024-10-03,Credit Card
1419,122,2023-10-02,Credit Card
1420,95,2025-04-30,Debit Card
1421,256,2025-03-21,Credit Card
1422,326,2025-09-05,Credit Card
1423,470,2024-09-13,Credit Card
1424,229,2024-04-15,Debit Card
1425,457,2024-10-05,Cash on Delivery
1426,845,2024-12-18,Debit Card
1427,241,2024-05-28,Credit Card
1428,905,2023-10-25,Cash on Delivery
1429,639,2024-06-08,Credit Card
1430,529,2025-01-31,UPI
1431,486,2025-06-08,UPI
1432,232,2024-10-22,Debit Card
1433,736,2024-02-23,Net Banking
1434,642,2023-11-11,Net Banking
1435,661,2024-04-11,Cash on Delivery
1436,634,2023-11-02,Debit Card
1437,189,2024-07-18,Debit Card
1438,756,2023-12-11,Credit Card
1439,209,2024-04-28,UPI
1440,495,2024-12-28,UPI
1441,613,2025-07-03,UPI
1442,663,2024-11-05,Cash on Delivery
1443,141,2024-04-22,Credit Card
1444,56,2023-09-24,UPI
1445,922,2023-12-19,UPI
1446,304,2025-08-24,Cash on Delivery
1447,607,2024-08-13,Debit Card
1448,646,2024-06-05,UPI
1449,926,2025-05-30,Cash on Delivery
1450,899,2025-07-08,Net Banking
1451,748,2023-12-14,Cash on Delivery
1452,690,2024-03-09,Net Banking
1453,404,2024-10-31,Credit Card
1454,910,2024-11-27,UPI
1455,486,2024-05-01,Cash on Delivery
1456,534,2023-10-25,Debit Card
1457,883,2024-09-05,Debit Card
1458,695,2024-05-31,Credit Card
1459,248,2024-05-20,Credit Card
1460,557,2024-03-23,UPI
1461,112,2023-09-30,Debit Card
1462,223,2024-05-14,Net Banking
1463,771,2024-08-18,Credit Card
1464,545,2024-09-13,Net Banking
1465,69,2024-03-29,UPI
1466,847,2025-01-24,Debit Card
1467,390,2024-03-30,Debit Card
1468,407,2024-04-16,UPI
1469,759,2024-08-11,Credit Card
1470,858,2024-03-08,Debit Card
1471,691,2023-10-22,Credit Card
1472,780,2024-03-18,Net Banking
1473,463,2025-05-03,Cash on Delivery
1474,729,2025-03-11,Credit Card
1475,278,2024-06-20,Credit Card
1476,883,2023-10-12,Cash on Delivery
1477,580,2024-03-04,Net Banking
1478,844,2024-02-28,Cash on Delivery
1479,909,2025-07-29,Credit Card
1480,66,2025-06-14,Net Banking
1481,958,2024-05-04,Credit Card
1482,148,2024-06-07,Credit Card
1483,131,2024-02-26,Debit Card
1484,254,2024-08-04,Debit Card
1485,989,2023-10-05,Net Banking
1486,12,2025-08-20,Cash on Delivery
1487,392,2024-07-26,Cash on Delivery
1488,894,2023-11-18,UPI
1489,182,2024-09-01,Debit Card
1490,854,2024-08-23,Net Banking
1491,683,2024-10-06,Net Banking
1492,56,2024-10-13,Net Banking
1493,769,2024-05-17,UPI
1494,114,2024-05-05,Credit Card
1495,593,2024-10-31,Debit Card
1496,832,2024-08-26,Cash on Delivery
1497,301,2025-03-04,Credit Card
1498,592,2024-04-14,Credit Card
1499,342,2024-03-15,Debit Card
1500,837,2024-07-07,UPI
1501,264,2024-03-31,Credit Card
1502,73,2023-11-12,Credit Card
1503,493,2023-11-11,Cash on Delivery
1504,993,2025-05-16,UPI
1505,263,2023-10-31,Net Banking
1506,15,2023-10-16,Credit Card
1507,225,2025-04-24,Credit Card
1508,818,2025-02-09,Cash on Delivery
1509,417,2024-07-22,Debit Card
1510,637,2023-12-04,Debit Card
1511,1,2025-09-01,Net Banking
1512,111,2024-12-22,Net Banking
1513,838,2024-05-04,Cash on Delivery
1514,663,2023-11-11,Cash on Delivery
1515,994,2024-05-19,UPI
1516,977,2024-10-29,Net Banking
1517,626,2025-08-08,UPI
1518,967,2024-11-11,Debit Card
1519,310,2024-04-15,Net Banking
1520,493,2025-05-31,Debit Card
1521,558,2025-02-14,Debit Card
1522,759,2025-09-01,Debit Card
1523,294,2024-08-28,UPI
1524,16,2024-06-25,Credit Card
1525,736,2024-05-27,Debit Card
1526,866,2024-07-05,Cash on Delivery
1527,889,2025-01-10,Net Banking
1528,891,2024-05-09,Net Banking
1529,102,2025-08-06,Net Banking
1530,682,2024-03-18,Cash on Delivery
1531,231,2023-10-03,Net Banking
1532,726,2024-04-13,Credit Card
1533,874,2025-08-25,Net Banking
1534,561,2024-11-18,Cash on Delivery
1535,741,2024-04-21,Debit Card
1536,128,2025-08-02,Credit Card
1537,985,2023-12-30,Net Banking
1538,933,2025-04-14,Debit Card
1539,625,2024-05-28,Cash on Delivery
1540,91,2025-03-15,Net Banking
1541,210,2024-05-06,UPI
1542,196,2024-02-06,Net Banking
1543,463,2024-12-22,Credit Card
1544,747,2024-02-25,UPI
1545,910,2023-11-05,Net Banking
1546,601,2025-09-09,Credit Card
1547,841,2024-07-20,Cash on Delivery
1548,188,2024-09-07,UPI
1549,69,2024-08-08,UPI
1550,648,2025-06-19,Credit Card
1551,117,2025-06-29,Net Banking
1552,219,2024-07-04,Debit Card
1553,492,2024-08-12,Net Banking
1554,256,2025-05-28,Net Banking
1555,797,2024-10-22,Net Banking
1556,990,2024-04-05,Debit Card
1557,691,2024-07-27,Net Banking
1558,305,2025-03-08,Debit Card
1559,68,2023-11-09,Cash on Delivery
1560,256,2024-10-09,Credit Card
1561,619,2025-08-08,Cash on Delivery
1562,911,2024-09-30,Debit Card
1563,482,2024-01-06,Cash on Delivery
1564,238,2024-05-12,Debit Card
1565,556,2024-09-19,Net Banking
1566,751,2025-03-08,UPI
1567,941,2024-06-30,Cash on Delivery
1568,866,2025-06-04,Net Banking
1569,588,2025-09-03,Debit Card
1570,894,2024-05-04,Net Banking
1571,834,2025-01-16,UPI
1572,694,2024-02-06,Net Banking
1573,563,2025-01-09,UPI
1574,681,2024-12-24,Net Banking
1575,366,2025-02-08,Cash on Delivery
1576,166,2024-07-09,Debit Card
1577,970,2024-01-30,Net Banking
1578,533,2025-06-13,Cash on Delivery
1579,797,2024-03-22,UPI
1580,227,2024-05-20,UPI
1581,742,2025-03-07,UPI
1582,509,2025-08-23,Credit Card
1583,530,2023-11-24,Credit Card
1584,605,2025-01-06,Net Banking
1585,930,2025-05-04,UPI
1586,426,2025-07-02,Cash on Delivery
1587,556,2024-06-03,Cash on Delivery
1588,828,2024-10-25,Credit Card
1589,251,2023-12-15,Cash on Delivery
1590,882,2025-07-03,Debit Card
1591,138,2024-06-11,Credit Card
1592,66,2024-04-04,Net Banking
1593,297,2025-09-05,UPI
1594,35,2024-04-20,UPI
1595,6,2023-10-27,Net Banking
1596,535,2025-08-04,Cash on Delivery
1597,942,2025-06-03,Debit Card
1598,144,2025-02-01,Net Banking
1599,463,2024-06-12,Credit Card
1600,659,2024-02-03,Cash on Delivery
1601,826,2024-04-24,Debit Card
1602,167,2025-08-17,Debit Card
1603,399,2025-06-29,Credit Card
1604,157,2024-01-29,Credit Card
1605,580,2023-12-21,Net Banking
1606,321,2025-07-08,Credit Card
1607,847,2025-06-17,Credit Card
1608,902,2025-03-22,UPI
1609,525,2024-09-02,Credit Card
1610,541,2023-12-23,Debit Card
1611,407,2025-03-03,Net Banking
1612,781,2024-06-15,Net Banking
1613,84,2024-11-03,UPI
1614,950,2025-02-04,Credit Card
1615,622,2025-03-04,Net Banking
1616,464,2024-02-06,Net Banking
1617,903,2024-07-24,Cash on Delivery
1618,564,2025-08-21,Debit Card
1619,836,2025-07-01,UPI
1620,784,2024-09-24,UPI
1621,615,2024-04-09,UPI
1622,355,2024-01-07,Debit Card
1623,760,2023-11-27,Credit Card
1624,176,2025-06-08,Credit Card
1625,395,2025-07-01,Net Banking
1626,629,2024-11-09,Credit Card
1627,326,2025-06-06,Credit Card
1628,222,2024-05-28,Debit Card
1629,614,2024-10-31,Debit Card
1630,602,2025-08-27,Net Banking
1631,525,2025-06-23,UPI
1632,259,2024-06-25,Cash on Delivery
1633,143,2024-12-04,Cash on Delivery
1634,241,2025-03-23,Net Banking
1635,612,2025-05-01,Credit Card
1636,68,2025-06-07,Net Banking
1637,114,2024-05-01,Net Banking
1638,305,2024-12-19,Net Banking
1639,551,2025-06-01,Cash on Delivery
1640,482,2024-06-10,UPI
1641,96,2023-12-14,Debit Card
1642,880,2025-07-26,UPI
1643,128,2025-02-07,UPI
1644,262,2025-06-13,Credit Card
1645,835,2024-12-11,Credit Card
1646,503,2024-02-19,Credit Card
1647,881,2025-07-26,Net Banking
1648,506,2023-09-26,Debit Card
1649,976,2024-02-24,UPI
1650,220,2025-03-02,Credit Card
1651,745,2023-11-27,Net Banking
1652,358,2024-08-17,Credit Card
1653,56,2025-07-19,Net Banking
1654,873,2024-09-29,UPI
1655,533,2025-06-18,UPI
1656,573,2024-04-20,UPI
1657,258,2025-08-02,Net Banking
1658,443,2024-11-27,Cash on Delivery
1659,879,2023-10-22,Debit Card
1660,293,2024-11-06,Debit Card
1661,639,2024-03-04,Cash on Delivery
1662,158,2024-07-27,UPI
1663,578,2023-12-01,Debit Card
1664,962,2023-12-08,Net Banking
1665,33,2024-07-29,Debit Card
1666,474,2024-04-01,Debit Card
1667,30,2025-04-07,Credit Card
1668,414,2024-03-07,Credit Card
1669,171,2023-12-04,Credit Card
1670,437,2025-04-01,UPI
1671,545,2023-11-13,UPI
1672,511,2025-07-06,UPI
1673,839,2025-08-13,UPI
1674,902,2024-10-18,Net Banking
1675,570,2024-07-07,UPI
1676,35,2025-03-29,Debit Card
1677,810,2025-01-12,Credit Card
1678,803,2024-12-09,Credit Card
1679,70,2024-02-22,Debit Card
1680,318,2023-10-22,Net Banking
1681,687,2024-08-20,Cash on Delivery
1682,557,2025-04-14,Net Banking
1683,386,2023-10-01,Credit Card
1684,969,2025-07-19,Net Banking
1685,313,2024-11-24,Debit Card
1686,588,2023-10-12,Debit Card
1687,492,2025-05-25,Debit Card
1688,218,2023-11-12,Cash on Delivery
1689,738,2025-01-12,UPI
1690,510,2024-02-09,UPI
1691,766,2023-10-21,UPI
1692,821,2024-07-12,Net Banking
1693,224,2025-03-07,UPI
1694,339,2025-06-09,Net Banking
1695,642,2025-01-12,Debit Card
1696,118,2024-06-25,Debit Card
1697,701,2024-06-29,Debit Card
1698,926,2025-04-24,Credit Card
1699,901,2024-10-25,Credit Card
1700,98,2025-05-22,Net Banking
1701,699,2024-11-06,UPI
1702,843,2025-06-06,Net Banking
1703,234,2024-01-04,Credit Card
1704,782,2025-09-05,Credit Card
1705,264,2025-09-05,Debit Card
1706,319,2024-06-23,Credit Card
1707,436,2024-03-11,Debit Card
1708,874,2024-11-14,Debit Card
1709,532,2024-04-25,Cash on Delivery
1710,308,2025-09-06,Debit Card
1711,429,2025-01-30,Debit Card
1712,939,2025-05-20,Debit Card
1713,391,2023-10-04,Cash on Delivery
1714,743,2025-04-16,UPI
1715,993,2024-07-15,Net Banking
1716,993,2024-06-04,Net Banking
1717,449,2025-06-20,Cash on Delivery
1718,509,2023-10-01,UPI
1719,599,2024-03-30,UPI
1720,596,2025-08-06,Cash on Delivery
1721,454,2024-08-18,Net Banking
1722,666,2024-11-18,Debit Card
1723,230,2025-01-24,Credit Card
1724,901,2025-07-07,UPI
1725,3,2025-02-02,UPI
1726,560,2024-10-24,Debit Card
1727,185,2024-09-27,Debit Card
1728,418,2024-12-14,Credit Card
1729,725,2024-12-09,UPI
1730,489,2024-03-26,Debit Card
1731,346,2025-01-29,Net Banking
1732,672,2024-07-27,Cash on Delivery
1733,156,2024-05-28,Credit Card
1734,747,2025-05-08,UPI
1735,340,2025-06-18,UPI
1736,667,2024-04-04,Debit Card
1737,486,2024-03-14,Net Banking
1738,103,2024-10-11,Net Banking
1739,853,2025-05-08,Cash on Delivery
1740,212,2025-01-11,UPI
1741,839,2024-03-21,Net Banking
1742,623,2024-08-19,UPI
1743,639,2025-03-21,Cash on Delivery
1744,686,2024-06-20,Cash on Delivery
1745,58,2025-02-01,Debit Card
1746,921,2025-03-09,Cash on Delivery
1747,134,2024-07-14,Net Banking
1748,786,2025-05-13,Cash on Delivery
1749,983,2023-12-12,Credit Card
1750,304,2024-11-06,Debit Card
1751,913,2025-07-11,Debit Card
1752,113,2023-11-21,Debit Card
1753,657,2025-09-05,Credit Card
1754,410,2024-08-02,Cash on Delivery
1755,298,2024-05-13,UPI
1756,713,2025-02-11,Credit Card
1757,402,2024-10-17,Debit Card
1758,986,2023-09-20,Credit Card
1759,929,2025-05-26,Net Banking
1760,139,2024-07-24,Cash on Delivery
1761,46,2025-04-25,UPI
1762,611,2024-12-31,UPI
1763,828,2025-03-26,Credit Card
1764,872,2024-05-30,Net Banking
1765,653,2024-08-01,Cash on Delivery
1766,714,2024-07-25,Debit Card
1767,12,2025-03-01,Cash on Delivery
1768,177,2024-09-08,Debit Card
1769,744,2024-01-26,Credit Card
1770,870,2023-12-02,Cash on Delivery
1771,192,2025-01-20,UPI
1772,399,2024-06-07,Credit Card
1773,508,2024-02-01,Credit Card
1774,983,2025-06-06,Net Banking
1775,242,2024-01-09,Debit Card
1776,689,2024-10-04,Net Banking
1777,530,2025-01-21,Cash on Delivery
1778,644,2024-05-29,Debit Card
1779,34,2024-05-30,Debit Card
1780,725,2025-01-02,Cash on Delivery
1781,915,2025-01-29,Net Banking
1782,138,2023-11-19,Credit Card
1783,393,2025-04-16,Cash on Delivery
1784,29,2025-01-24,Net Banking
1785,315,2024-05-29,Cash on Delivery
1786,472,2025-05-21,UPI
1787,836,2024-11-01,Debit Card
1788,600,2024-01-30,Debit Card
1789,705,2023-10-26,Credit Card
1790,832,2024-05-12,UPI
1791,961,2025-05-29,Debit Card
1792,496,2025-09-02,Debit Card
1793,537,2024-02-22,Debit Card
1794,951,2024-05-28,Debit Card
1795,349,2024-09-05,Credit Card
1796,600,2024-06-25,Credit Card
1797,544,2024-02-23,Cash on Delivery
1798,764,2024-10-12,Debit Card
1799,717,2024-02-25,Net Banking
1800,177,2024-01-23,UPI
1801,681,2024-03-04,Net Banking
1802,520,2025-08-25,Cash on Delivery
1803,298,2023-11-13,UPI
1804,251,2024-06-17,Credit Card
1805,391,2023-09-30,Cash on Delivery
1806,968,2024-12-13,Net Banking
1807,252,2025-02-13,Credit Card
1808,899,2024-05-29,Debit Card
1809,776,2025-04-21,Credit Card
1810,181,2024-12-26,Credit Card
1811,916,2023-10-23,UPI
1812,561,2025-09-07,UPI
1813,290,2025-05-15,Debit Card
1814,501,2024-06-18,UPI
1815,588,2024-03-13,Net Banking
1816,974,2024-06-05,Cash on Delivery
1817,885,2024-07-22,Net Banking
1818,147,2024-08-30,UPI
1819,416,2023-11-29,UPI
1820,134,2023-09-23,Cash on Delivery
1821,483,2024-01-05,Cash on Delivery
1822,935,2024-09-27,UPI
1823,466,2025-01-26,Cash on Delivery
1824,684,2024-01-17,Cash on Delivery
1825,262,2025-07-08,Debit Card
1826,519,2024-01-04,UPI
1827,852,2024-08-30,Net Banking
1828,839,2023-10-13,UPI
1829,935,2024-08-05,Cash on Delivery
1830,355,2025-09-02,Debit Card
1831,572,2025-04-20,Debit Card
1832,724,2025-06-28,Cash on Delivery
1833,258,2024-08-24,UPI
1834,24,2024-06-29,Net Banking
1835,19,2024-07-19,UPI
1836,516,2024-06-27,UPI
1837,854,2023-11-12,Debit Card
1838,486,2024-03-21,Debit Card
1839,934,2024-09-02,Credit Card
1840,282,2025-06-26,Cash on Delivery
1841,682,2024-08-14,Cash on Delivery
1842,535,2023-09-29,Debit Card
1843,818,2025-03-05,Cash on Delivery
1844,734,2025-08-29,Debit Card
1845,417,2023-09-22,Credit Card
1846,859,2024-04-13,Cash on Delivery
1847,881,2025-07-05,Net Banking
1848,471,2025-02-22,Credit Card
1849,571,2025-07-16,Credit Card
1850,853,2024-10-25,Credit Card
1851,319,2024-01-11,UPI
1852,819,2024-07-26,UPI
1853,455,2024-06-29,Credit Card
1854,687,2025-03-07,Net Banking
1855,125,2024-11-30,Net Banking
1856,387,2024-10-17,Net Banking
1857,918,2023-10-15,Net Banking
1858,993,2024-01-15,Credit Card
1859,812,2024-01-31,Credit Card
1860,609,2024-02-09,Net Banking
1861,319,2025-02-13,UPI
1862,886,2023-09-24,Debit Card
1863,49,2025-05-01,Net Banking
1864,737,2023-12-21,Net Banking
1865,307,2024-05-01,UPI
1866,347,2024-12-17,Debit Card
1867,620,2025-06-26,UPI
1868,572,2023-12-27,Cash on Delivery
1869,161,2023-10-30,Debit Card
1870,404,2024-10-09,Cash on Delivery
1871,732,2025-06-12,Cash on Delivery
1872,527,2025-06-17,UPI
1873,222,2024-02-28,Debit Card
1874,793,2023-10-20,Cash on Delivery
1875,482,2025-08-16,Net Banking
1876,36,2024-03-06,Credit Card
1877,280,2023-12-02,Credit Card
1878,218,2023-10-25,Net Banking
1879,558,2024-12-30,Credit Card
1880,225,2025-05-25,Net Banking
1881,140,2024-07-19,Credit Card
1882,182,2023-11-09,UPI
1883,5,2024-05-14,Debit Card
1884,114,2023-09-22,Debit Card
1885,898,2025-03-21,UPI
1886,732,2024-02-25,Debit Card
1887,734,2024-07-25,Credit Card
1888,521,2024-05-03,Cash on Delivery
1889,503,2025-08-03,UPI
1890,944,2024-08-15,Cash on Delivery
1891,733,2025-07-24,UPI
1892,245,2024-09-09,Cash on Delivery
1893,342,2024-01-19,Cash on Delivery
1894,354,2024-10-05,Cash on Delivery
1895,730,2024-01-21,Credit Card
1896,41,2024-02-10,Cash on Delivery
1897,594,2023-11-18,Net Banking
1898,579,2024-08-18,Debit Card
1899,68,2025-05-16,Credit Card
1900,550,2025-02-08,Debit Card
1901,406,2023-11-13,Debit Card
1902,955,2025-02-05,Cash on Delivery
1903,530,2025-04-14,Net Banking
1904,560,2024-08-23,Cash on Delivery
1905,605,2025-07-21,UPI
1906,537,2025-08-10,Net Banking
1907,860,2025-01-16,Credit Card
1908,288,2023-11-16,Cash on Delivery
1909,533,2025-04-16,Credit Card
1910,386,2023-10-05,Debit Card
1911,526,2025-05-31,UPI
1912,554,2023-12-21,Net Banking
1913,341,2023-10-18,Credit Card
1914,428,2025-03-25,Credit Card
1915,607,2024-02-22,Credit Card
1916,396,2024-02-07,Debit Card
1917,50,2024-06-17,Debit Card
1918,336,2024-06-28,UPI
1919,156,2025-05-07,Debit Card
1920,76,2024-02-11,UPI
1921,887,2025-05-17,Credit Card
1922,954,2024-11-12,UPI
1923,381,2025-06-25,Credit Card
1924,432,2025-07-23,Debit Card
1925,897,2025-09-07,Credit Card
1926,848,2024-08-14,Net Banking
1927,643,2024-03-19,UPI
1928,570,2024-01-26,Cash on Delivery
1929,488,2025-05-06,Net Banking
1930,33,2025-03-03,Credit Card
1931,405,2024-02-01,Cash on Delivery
1932,95,2024-05-20,Cash on Delivery
1933,925,2025-02-19,Cash on Delivery
1934,73,2025-01-15,Credit Card
1935,651,2024-04-18,Net Banking
1936,105,2025-01-30,Debit Card
1937,83,2024-04-25,Cash on Delivery
1938,76,2025-07-29,Cash on Delivery
1939,805,2025-05-31,UPI
1940,169,2025-03-21,Debit Card
1941,292,2024-11-11,Net Banking
1942,735,2024-10-05,Cash on Delivery
1943,461,2023-11-02,Debit Card
1944,356,2024-09-17,UPI
1945,307,2024-06-19,UPI
1946,719,2024-06-03,Debit Card
1947,244,2024-09-25,Cash on Delivery
1948,199,2024-05-18,Net Banking
1949,224,2025-06-03,Cash on Delivery
1950,47,2024-02-09,Credit Card
1951,325,2024-12-07,Debit Card
1952,698,2025-08-10,Debit Card
1953,430,2025-08-24,Net Banking
1954,482,2024-12-16,UPI
1955,218,2025-08-26,Debit Card
1956,814,2023-10-30,Net Banking
1957,891,2024-08-23,Cash on Delivery
1958,388,2024-04-15,Debit Card
1959,122,2025-03-06,UPI
1960,296,2025-01-08,Cash on Delivery
1961,749,2024-09-02,Net Banking
1962,573,2023-12-31,Net Banking
1963,605,2025-05-02,Credit Card
1964,233,2024-09-25,Net Banking
1965,691,2024-12-15,Debit Card
1966,136,2024-07-24,Cash on Delivery
1967,858,2025-01-08,UPI
1968,234,2023-11-05,Credit Card
1969,809,2025-03-02,Net Banking
1970,330,2025-05-06,Debit Card
1971,914,2024-04-17,Net Banking
1972,212,2023-09-21,Net Banking
1973,942,2024-09-18,Cash on Delivery
1974,412,2025-05-02,Cash on Delivery
1975,933,2023-10-13,Debit Card
1976,463,2024-07-20,Credit Card
1977,806,2024-11-21,Net Banking
1978,407,2025-07-03,Credit Card
1979,841,2023-11-23,Credit Card
1980,83,2025-03-30,UPI
1981,840,2024-04-01,UPI
1982,539,2024-06-30,Debit Card
1983,742,2025-08-16,Cash on Delivery
1984,595,2024-03-12,Net Banking
1985,586,2024-12-31,UPI
1986,939,2023-10-14,UPI
1987,396,2024-01-07,Cash on Delivery
1988,886,2025-01-17,Cash on Delivery
1989,652,2025-05-17,Cash on Delivery
1990,274,2023-11-17,Cash on Delivery
1991,24,2024-04-13,Credit Card
1992,150,2024-07-30,Credit Card
1993,679,2024-06-23,UPI
1994,744,2024-10-01,Net Banking
1995,105,2023-12-17,Debit Card
1996,380,2024-06-24,Debit Card
1997,507,2025-06-19,Net Banking
1998,52,2025-01-14,Credit Card
1999,21,2024-03-18,Credit Card
2000,183,2023-12-15,UPI
2001,213,2024-12-17,Cash on Delivery
2002,796,2025-05-26,Debit Card
2003,872,2024-11-26,Debit Card
2004,471,2025-08-29,Debit Card
2005,59,2025-01-13,UPI
2006,637,2024-04-17,UPI
2007,797,2025-03-18,Debit Card
2008,89,2025-07-10,UPI
2009,954,2023-11-07,Cash on Delivery
2010,135,2024-11-07,Net Banking
2011,282,2024-10-13,UPI
2012,674,2023-12-01,UPI
2013,670,2024-02-16,Net Banking
2014,326,2025-05-26,Cash on Delivery
2015,923,2023-12-21,UPI
2016,306,2025-08-11,Cash on Delivery
2017,194,2023-09-25,UPI
2018,485,2024-02-04,Net Banking
2019,819,2025-06-06,Debit Card
2020,839,2025-06-07,Cash on Delivery
2021,484,2023-10-08,Net Banking
2022,587,2024-08-08,Cash on Delivery
2023,313,2024-09-21,Credit Card
2024,609,2023-11-12,UPI
2025,816,2025-02-05,Cash on Delivery
2026,821,2023-10-15,UPI
2027,314,2023-12-09,Credit Card
2028,988,2024-07-10,UPI
2029,270,2025-08-14,Net Banking
2030,71,2023-12-26,UPI
2031,127,2025-07-01,Debit Card
2032,452,2024-10-27,Debit Card
2033,259,2025-01-21,UPI
2034,154,2025-04-01,Credit Card
2035,184,2025-03-03,UPI
2036,471,2024-03-06,UPI
2037,409,2025-05-11,Net Banking
2038,445,2024-10-20,Debit Card
2039,789,2024-02-26,Cash on Delivery
2040,937,2024-08-25,UPI
2041,220,2024-08-31,Cash on Delivery
2042,702,2024-06-28,Net Banking
2043,524,2024-03-11,Net Banking
2044,865,2025-05-20,Cash on Delivery
2045,69,2023-12-16,Cash on Delivery
2046,786,2025-05-20,Cash on Delivery
2047,121,2024-09-10,Debit Card
2048,241,2025-04-19,Cash on Delivery
2049,49,2025-09-07,Cash on Delivery
2050,898,2025-09-08,Debit Card
2051,444,2024-09-12,UPI
2052,813,2025-09-06,Credit Card
2053,500,2024-08-28,Credit Card
2054,278,2023-10-11,Net Banking
2055,270,2024-04-10,UPI
2056,490,2024-10-30,Net Banking
2057,288,2023-12-21,Cash on Delivery
2058,275,2024-08-17,Net Banking
2059,333,2024-09-06,UPI
2060,811,2024-03-13,Debit Card
2061,704,2025-07-18,Net Banking
2062,728,2025-06-30,UPI
2063,451,2025-07-31,Net Banking
2064,232,2024-12-01,Cash on Delivery
2065,935,2024-04-17,UPI
2066,479,2025-05-24,Net Banking
2067,836,2024-08-22,Debit Card
2068,164,2023-12-26,UPI
2069,355,2023-09-19,Credit Card
2070,61,2024-04-04,Cash on Delivery
2071,195,2023-12-24,Net Banking
2072,849,2025-01-12,Net Banking
2073,988,2023-10-11,UPI
2074,585,2023-12-11,Net Banking
2075,132,2024-09-21,Net Banking
2076,656,2024-06-03,Net Banking
2077,691,2025-05-15,Credit Card
2078,88,2025-03-19,UPI
2079,546,2024-12-11,Debit Card
2080,498,2023-12-15,Credit Card
2081,453,2023-11-13,UPI
2082,129,2023-12-07,Debit Card
2083,510,2024-02-04,Debit Card
2084,182,2024-06-26,Net Banking
2085,594,2024-04-03,Debit Card
2086,160,2024-08-03,Cash on Delivery
2087,309,2025-04-10,Net Banking
2088,356,2025-01-23,Net Banking
2089,632,2024-12-16,Credit Card
2090,337,2023-11-23,Debit Card
2091,26,2024-02-01,Net Banking
2092,46,2023-11-16,Credit Card
2093,837,2025-08-27,Net Banking
2094,572,2023-12-11,Net Banking
2095,716,2023-09-25,Debit Card
2096,699,2025-07-12,Credit Card
2097,203,2024-12-25,Debit Card
2098,236,2025-04-04,UPI
2099,761,2024-01-13,Cash on Delivery
2100,696,2025-07-19,Credit Card
2101,26,2023-12-24,UPI
2102,936,2025-06-12,Net Banking
2103,202,2023-11-27,Debit Card
2104,837,2024-11-30,UPI
2105,202,2024-09-27,Debit Card
2106,173,2024-12-28,Credit Card
2107,620,2025-09-02,Debit Card
2108,522,2025-06-30,Debit Card
2109,58,2025-05-27,UPI
2110,716,2024-01-31,UPI
2111,819,2025-07-21,UPI
2112,687,2023-12-02,Net Banking
2113,880,2025-03-11,Credit Card
2114,351,2024-02-24,Net Banking
2115,840,2024-08-12,Credit Card
2116,976,2025-01-29,Net Banking
2117,94,2025-06-25,Net Banking
2118,195,2024-02-15,UPI
2119,784,2024-06-25,Debit Card
2120,105,2024-08-04,Debit Card
2121,282,2024-02-09,Cash on Delivery
2122,972,2024-06-27,Debit Card
2123,643,2023-12-28,UPI
2124,13,2024-05-13,Debit Card
2125,703,2024-07-14,Net Banking
2126,549,2025-08-19,Debit Card
2127,658,2024-04-29,Debit Card
2128,495,2024-01-01,Credit Card
2129,259,2024-09-19,UPI
2130,322,2025-02-19,Debit Card
2131,747,2024-12-29,Credit Card
2132,313,2025-08-17,Credit Card
2133,781,2024-05-21,Cash on Delivery
2134,920,2025-04-28,Credit Card
2135,371,2025-08-15,Debit Card
2136,946,2025-06-12,Debit Card
2137,100,2024-07-22,Cash on Delivery
2138,80,2025-01-20,Debit Card
2139,860,2024-12-10,Net Banking
2140,715,2024-06-14,Credit Card
2141,860,2024-01-05,Net Banking
2142,146,2024-12-12,Net Banking
2143,848,2024-01-02,Net Banking
2144,775,2024-12-20,Cash on Delivery
2145,619,2024-12-10,UPI
2146,970,2024-04-06,Credit Card
2147,419,2025-08-14,Credit Card
2148,81,2024-09-23,UPI
2149,747,2025-08-01,Cash on Delivery
2150,84,2025-05-03,Credit Card
2151,521,2025-04-08,Debit Card
2152,575,2024-07-15,Net Banking
2153,328,2024-12-07,UPI
2154,718,2024-03-14,Debit Card
2155,96,2025-04-04,Debit Card
2156,96,2023-11-07,Cash on Delivery
2157,327,2024-09-15,Net Banking
2158,41,2024-06-01,Net Banking
2159,530,2024-01-24,UPI
2160,881,2025-05-21,Debit Card
2161,1,2025-03-20,UPI
2162,762,2024-03-29,Cash on Delivery
2163,289,2025-05-11,Debit Card
2164,76,2024-07-31,Debit Card
2165,382,2023-09-28,Net Banking
2166,202,2023-11-21,Debit Card
2167,989,2023-10-02,Cash on Delivery
2168,875,2024-07-19,Credit Card
2169,542,2023-10-30,Debit Card
2170,256,2024-01-15,Net Banking
2171,422,2024-06-29,Cash on Delivery
2172,321,2024-07-14,Credit Card
2173,272,2023-10-19,Debit Card
2174,877,2023-10-28,Debit Card
2175,319,2024-11-04,Net Banking
2176,601,2024-08-14,Cash on Delivery
2177,847,2023-12-13,Debit Card
2178,71,2025-03-04,Net Banking
2179,827,2024-01-23,UPI
2180,277,2025-05-11,UPI
2181,71,2025-03-19,Credit Card
2182,936,2023-11-10,Cash on Delivery
2183,39,2024-12-10,Debit Card
2184,198,2024-02-11,Net Banking
2185,457,2025-03-23,Debit Card
2186,575,2025-04-17,Credit Card
2187,922,2024-05-18,Credit Card
2188,293,2024-12-07,Debit Card
2189,537,2024-08-29,Debit Card
2190,680,2023-11-26,Credit Card
2191,471,2024-06-22,Credit Card
2192,355,2025-09-13,Debit Card
2193,897,2025-04-15,Cash on Delivery
2194,360,2025-04-05,Cash on Delivery
2195,839,2024-04-10,Cash on Delivery
2196,192,2024-11-08,Debit Card
2197,564,2024-09-04,UPI
2198,164,2025-02-01,Credit Card
2199,34,2025-07-02,UPI
2200,488,2024-07-08,Credit Card
2201,884,2024-08-06,Debit Card
2202,826,2024-10-22,Net Banking
2203,974,2023-11-18,Net Banking
2204,135,2025-02-08,Debit Card
2205,277,2023-12-14,UPI
2206,48,2023-09-21,Debit Card
2207,321,2023-10-11,Debit Card
2208,206,2023-09-26,Cash on Delivery
2209,957,2024-10-10,Credit Card
2210,241,2025-09-15,UPI
2211,685,2024-09-20,Debit Card
2212,844,2024-01-14,Net Banking
2213,285,2025-06-19,Debit Card
2214,596,2024-08-16,Debit Card
2215,286,2024-05-12,Credit Card
2216,784,2025-01-29,UPI
2217,689,2023-10-01,Debit Card
2218,730,2023-12-14,Cash on Delivery
2219,940,2025-02-15,Net Banking
2220,279,2025-05-29,Credit Card
2221,822,2025-05-16,Debit Card
2222,547,2024-12-31,Debit Card
2223,21,2024-01-14,Debit Card
2224,850,2024-10-31,Net Banking
2225,841,2025-01-22,Net Banking
2226,914,2025-08-31,UPI
2227,942,2025-03-28,UPI
2228,997,2024-04-28,Credit Card
2229,115,2024-10-21,Debit Card
2230,671,2024-04-19,Cash on Delivery
2231,490,2024-05-16,UPI
2232,396,2023-09-30,Cash on Delivery
2233,483,2024-05-11,Net Banking
2234,938,2023-12-26,Debit Card
2235,554,2024-02-01,Debit Card
2236,823,2025-07-27,Credit Card
2237,816,2025-01-25,Credit Card
2238,318,2024-09-26,Credit Card
2239,649,2025-07-14,Debit Card
2240,908,2025-08-31,Debit Card
2241,657,2024-10-09,Debit Card
2242,475,2025-01-01,Cash on Delivery
2243,631,2024-06-17,Debit Card
2244,496,2024-04-15,Net Banking
2245,231,2025-04-30,Net Banking
2246,631,2023-12-01,Credit Card
2247,998,2025-02-22,Credit Card
2248,821,2023-10-04,Credit Card
2249,461,2023-09-21,Debit Card
2250,920,2023-10-14,Net Banking
2251,292,2024-09-19,Net Banking
2252,12,2024-08-08,Cash on Delivery
2253,194,2025-04-04,UPI
2254,771,2024-08-25,Credit Card
2255,175,2023-10-26,Cash on Delivery
2256,671,2024-01-10,Debit Card
2257,985,2024-01-15,Debit Card
2258,854,2024-05-15,Net Banking
2259,750,2025-08-22,UPI
2260,237,2023-12-15,Credit Card
2261,776,2024-08-30,UPI
2262,592,2024-08-07,Credit Card
2263,118,2024-02-24,UPI
2264,360,2023-10-18,UPI
2265,517,2024-07-02,Debit Card
2266,979,2024-11-10,Debit Card
2267,722,2024-03-13,Credit Card
2268,937,2023-12-11,Net Banking
2269,910,2025-04-29,Cash on Delivery
2270,895,2024-04-20,Net Banking
2271,472,2024-01-18,Net Banking
2272,560,2025-03-14,Net Banking
2273,61,2025-09-05,Credit Card
2274,522,2023-12-05,Credit Card
2275,638,2025-01-15,Debit Card
2276,231,2024-08-25,Cash on Delivery
2277,545,2024-03-20,Net Banking
2278,44,2024-10-10,Cash on Delivery
2279,478,2025-07-07,Credit Card
2280,347,2025-08-18,Cash on Delivery
2281,735,2025-06-21,Debit Card
2282,74,2024-09-18,Debit Card
2283,979,2025-02-24,Credit Card
2284,499,2025-04-17,Credit Card
2285,901,2023-11-28,Cash on Delivery
2286,512,2024-01-07,Debit Card
2287,571,2024-03-29,UPI
2288,100,2024-06-23,UPI
2289,246,2025-06-18,Net Banking
2290,16,2024-11-15,Cash on Delivery
2291,525,2025-05-31,Cash on Delivery
2292,927,2024-04-14,Net Banking
2293,822,2024-04-04,UPI
2294,525,2023-11-07,Credit Card
2295,756,2024-09-06,UPI
2296,802,2024-08-07,Cash on Delivery
2297,411,2024-07-02,UPI
2298,349,2023-10-07,UPI
2299,48,2024-01-10,Credit Card
2300,30,2025-08-28,Debit Card
2301,177,2025-05-16,Net Banking
2302,837,2023-10-08,Debit Card
2303,104,2023-11-02,Net Banking
2304,301,2025-05-17,Debit Card
2305,246,2024-03-13,Net Banking
2306,88,2025-08-09,Debit Card
2307,516,2024-01-19,Net Banking
2308,371,2023-12-06,Debit Card
2309,827,2024-10-06,UPI
2310,272,2023-10-16,Net Banking
2311,620,2025-09-14,Net Banking
2312,487,2023-12-10,Net Banking
2313,578,2023-11-05,UPI
2314,10,2024-04-15,Cash on Delivery
2315,721,2024-10-25,Debit Card
2316,895,2025-07-03,Credit Card
2317,121,2023-10-07,Cash on Delivery
2318,31,2024-10-04,Net Banking
2319,781,2024-12-12,Credit Card
2320,300,2024-07-03,Credit Card
2321,726,2025-09-01,UPI
2322,353,2024-05-04,Cash on Delivery
2323,749,2024-09-02,Cash on Delivery
2324,709,2024-12-04,Cash on Delivery
2325,122,2024-12-12,Cash on Delivery
2326,39,2024-04-09,Credit Card
2327,934,2024-06-04,Net Banking
2328,14,2025-03-07,Cash on Delivery
2329,64,2023-11-17,Cash on Delivery
2330,655,2024-06-30,Credit Card
2331,79,2024-03-29,Net Banking
2332,177,2023-11-17,UPI
2333,49,2024-01-15,Net Banking
2334,170,2024-05-18,UPI
2335,342,2025-02-23,Cash on Delivery
2336,543,2024-03-24,Credit Card
2337,551,2024-03-10,Credit Card
2338,555,2024-12-17,UPI
2339,322,2025-01-23,Debit Card
2340,480,2024-07-18,Cash on Delivery
2341,92,2025-08-17,Net Banking
2342,551,2024-09-06,Credit Card
2343,238,2024-07-23,UPI
2344,31,2025-07-04,UPI
2345,729,2024-06-11,UPI
2346,974,2024-07-15,Debit Card
2347,501,2024-10-01,UPI
2348,646,2023-10-16,Net Banking
2349,292,2025-08-24,Credit Card
2350,376,2025-02-25,Debit Card
2351,783,2024-03-29,Cash on Delivery
2352,867,2025-03-26,UPI
2353,856,2025-03-05,Net Banking
2354,354,2024-08-21,Credit Card
2355,721,2024-09-05,Net Banking
2356,677,2025-04-06,UPI
2357,396,2023-10-10,Net Banking
2358,458,2024-11-20,Debit Card
2359,384,2024-06-13,Net Banking
2360,932,2023-10-03,Net Banking
2361,981,2024-01-04,Net Banking
2362,635,2023-10-18,Debit Card
2363,13,2024-02-10,UPI
2364,34,2023-11-01,Credit Card
2365,241,2024-08-16,Cash on Delivery
2366,413,2025-07-23,Net Banking
2367,723,2025-08-29,Credit Card
2368,764,2024-04-04,Cash on Delivery
2369,191,2025-07-20,Net Banking
2370,74,2024-11-03,Credit Card
2371,121,2025-08-17,Credit Card
2372,473,2024-07-05,Cash on Delivery
2373,274,2023-09-29,UPI
2374,304,2024-06-18,Cash on Delivery
2375,887,2025-04-01,Credit Card
2376,272,2024-11-13,Cash on Delivery
2377,153,2024-09-29,Debit Card
2378,736,2024-02-26,Debit Card
2379,745,2024-09-14,Debit Card
2380,414,2023-12-21,Debit Card
2381,866,2025-08-03,Debit Card
2382,449,2025-06-25,Debit Card
2383,681,2023-10-21,Net Banking
2384,444,2023-11-18,Credit Card
2385,382,2025-05-18,Cash on Delivery
2386,473,2025-04-29,Debit Card
2387,539,2024-10-08,Credit Card
2388,712,2023-09-29,UPI
2389,693,2025-03-26,Cash on Delivery
2390,812,2024-07-09,Cash on Delivery
2391,595,2023-11-11,Credit Card
2392,807,2025-04-08,Credit Card
2393,222,2024-02-13,Credit Card
2394,420,2024-04-25,Debit Card
2395,38,2024-06-27,Cash on Delivery
2396,544,2023-09-20,Debit Card
2397,599,2024-08-21,Cash on Delivery
2398,568,2024-02-26,Cash on Delivery
2399,898,2024-11-24,UPI
2400,427,2025-08-12,Debit Card
2401,316,2023-12-03,Cash on Delivery
2402,890,2024-10-13,UPI
2403,379,2024-05-30,UPI
2404,182,2025-09-04,Cash on Delivery
2405,651,2024-03-09,Net Banking
2406,296,2023-12-11,UPI
2407,438,2024-01-14,Net Banking
2408,909,2024-01-01,Debit Card
2409,481,2024-12-01,UPI
2410,510,2025-03-28,Net Banking
2411,569,2025-09-17,UPI
2412,138,2024-10-24,UPI
2413,517,2025-01-12,UPI
2414,702,2025-02-13,Net Banking
2415,86,2024-01-23,Credit Card
2416,899,2025-06-28,Credit Card
2417,991,2024-08-03,Cash on Delivery
2418,711,2024-11-07,Net Banking
2419,924,2023-11-29,Credit Card
2420,425,2023-10-03,UPI
2421,556,2024-05-07,Cash on Delivery
2422,322,2024-12-04,UPI
2423,314,2025-08-02,Cash on Delivery
2424,354,2024-12-17,Cash on Delivery
2425,708,2023-09-25,Cash on Delivery
2426,516,2024-03-22,Debit Card
2427,394,2024-08-27,Cash on Delivery
2428,333,2025-01-23,Credit Card
2429,627,2025-01-11,Cash on Delivery
2430,813,2025-03-03,Cash on Delivery
2431,131,2024-08-09,Cash on Delivery
2432,798,2025-04-13,Credit Card
2433,756,2025-09-12,Net Banking
2434,361,2024-09-29,Cash on Delivery
2435,789,2024-07-06,Net Banking
2436,783,2025-06-02,Net Banking
2437,485,2024-06-07,Debit Card
2438,544,2025-05-20,UPI
2439,229,2024-10-29,Credit Card
2440,226,2025-08-09,Net Banking
2441,211,2025-06-22,Cash on Delivery
2442,874,2025-01-02,UPI
2443,909,2023-11-01,Net Banking
2444,123,2024-07-07,Credit Card
2445,766,2024-05-16,Credit Card
2446,731,2024-05-24,Net Banking
2447,8,2025-03-05,Net Banking
2448,349,2025-07-03,Cash on Delivery
2449,524,2024-09-08,Debit Card
2450,727,2025-07-24,Debit Card
2451,863,2025-06-26,Net Banking
2452,491,2023-12-20,Credit Card
2453,629,2024-01-05,Net Banking
2454,349,2025-04-10,Net Banking
2455,674,2024-04-04,UPI
2456,189,2023-12-19,UPI
2457,518,2024-08-10,Net Banking
2458,961,2024-05-14,Net Banking
2459,23,2024-08-29,Debit Card
2460,806,2023-10-25,UPI
2461,248,2024-10-06,Cash on Delivery
2462,873,2025-02-15,Cash on Delivery
2463,475,2024-10-04,UPI
2464,430,2025-05-28,Debit Card
2465,322,2025-03-03,Net Banking
2466,341,2023-10-22,Credit Card
2467,541,2025-08-02,Cash on Delivery
2468,124,2025-04-23,Cash on Delivery
2469,350,2024-09-14,UPI
2470,560,2024-05-16,Debit Card
2471,421,2024-08-08,Cash on Delivery
2472,930,2025-01-04,Cash on Delivery
2473,77,2024-10-05,Net Banking
2474,882,2023-12-18,Debit Card
2475,192,2023-09-21,Debit Card
2476,804,2023-11-28,Debit Card
2477,828,2024-07-15,Debit Card
2478,182,2024-12-26,Debit Card
2479,289,2024-11-06,Credit Card
2480,680,2024-03-23,UPI
2481,189,2024-11-30,Cash on Delivery
2482,205,2024-02-22,Credit Card
2483,443,2024-06-26,Credit Card
2484,637,2024-03-17,Credit Card
2485,302,2025-05-07,UPI
2486,83,2025-01-05,UPI
2487,317,2025-07-16,Debit Card
2488,977,2024-01-25,Debit Card
2489,370,2024-07-15,Debit Card
2490,758,2024-12-17,Debit Card
2491,769,2025-04-02,UPI
2492,47,2023-11-02,Net Banking
2493,306,2024-08-18,Net Banking
2494,900,2023-09-19,Credit Card
2495,950,2024-03-17,Credit Card
2496,858,2024-12-21,Debit Card
2497,376,2023-10-27,Credit Card
2498,951,2024-11-08,Debit Card
2499,858,2024-06-07,Credit Card
2500,367,2025-02-20,Debit Card
2501,707,2024-02-11,Credit Card
2502,318,2024-08-05,Net Banking
2503,666,2024-02-16,Debit Card
2504,474,2023-09-30,Cash on Delivery
2505,227,2024-12-15,Net Banking
2506,707,2025-03-07,UPI
2507,497,2025-08-13,UPI
2508,954,2025-08-07,Credit Card
2509,126,2024-11-26,Cash on Delivery
2510,592,2024-08-11,Cash on Delivery
2511,270,2023-10-28,Net Banking
2512,164,2025-09-04,Debit Card
2513,382,2024-04-22,Net Banking
2514,345,2025-04-19,Debit Card
2515,452,2023-10-12,UPI
2516,516,2025-06-29,Credit Card
2517,618,2025-04-16,Cash on Delivery
2518,388,2025-03-30,Net Banking
2519,502,2024-02-23,Debit Card
2520,762,2025-06-09,Net Banking
2521,915,2025-03-01,Credit Card
2522,869,2025-08-29,Credit Card
2523,308,2024-09-30,Cash on Delivery
2524,624,2024-09-25,UPI
2525,377,2025-05-31,Debit Card
2526,991,2023-11-02,Debit Card
2527,502,2023-11-24,Cash on Delivery
2528,846,2024-06-06,Cash on Delivery
2529,448,2024-02-27,Cash on Delivery
2530,973,2025-07-28,Credit Card
2531,273,2025-01-13,Cash on Delivery
2532,975,2024-12-20,Credit Card
2533,178,2025-07-17,Debit Card
2534,324,2024-04-18,Debit Card
2535,313,2025-08-12,Net Banking
2536,502,2024-11-15,UPI
2537,427,2024-06-26,Net Banking
2538,843,2024-10-17,Debit Card
2539,953,2023-10-21,Cash on Delivery
2540,681,2025-04-18,Credit Card
2541,552,2024-05-16,UPI
2542,751,2024-12-01,Net Banking
2543,488,2024-11-28,UPI
2544,49,2025-01-05,Net Banking
2545,833,2025-02-12,UPI
2546,959,2025-02-09,Debit Card
2547,775,2025-06-10,Credit Card
2548,960,2025-01-08,UPI
2549,225,2025-07-02,Cash on Delivery
2550,693,2024-11-14,Cash on Delivery
2551,912,2024-11-14,Credit Card
2552,90,2024-07-04,UPI
2553,445,2024-10-05,Debit Card
2554,680,2024-01-24,UPI
2555,957,2024-03-05,Credit Card
2556,383,2024-01-13,Debit Card
2557,414,2025-05-26,Cash on Delivery
2558,740,2025-03-08,Net Banking
2559,781,2024-01-26,Cash on Delivery
2560,840,2023-12-23,Credit Card
2561,624,2024-07-26,Credit Card
2562,982,2025-07-17,Cash on Delivery
2563,583,2024-08-04,UPI
2564,305,2024-04-24,Cash on Delivery
2565,600,2023-12-13,Credit Card
2566,910,2025-03-02,Cash on Delivery
2567,353,2024-12-02,Net Banking
2568,434,2025-05-30,UPI
2569,632,2025-09-02,Cash on Delivery
2570,97,2025-07-26,Cash on Delivery
2571,564,2024-07-24,Debit Card
2572,293,2025-01-18,Net Banking
2573,321,2024-08-29,UPI
2574,980,2025-02-23,Debit Card
2575,948,2025-08-12,Net Banking
2576,449,2025-05-16,Credit Card
2577,605,2024-11-21,Credit Card
2578,679,2024-11-08,Credit Card
2579,749,2024-02-13,Net Banking
2580,190,2024-10-10,Debit Card
2581,445,2023-09-23,Net Banking
2582,722,2024-08-14,Cash on Delivery
2583,865,2025-08-03,Cash on Delivery
2584,359,2024-10-24,Credit Card
2585,934,2024-03-29,UPI
2586,189,2025-01-29,Credit Card
2587,409,2025-04-14,UPI
2588,165,2023-12-10,UPI
2589,746,2025-08-24,Net Banking
2590,82,2023-12-12,UPI
2591,100,2024-09-09,Net Banking
2592,709,2024-03-28,Credit Card
2593,590,2023-12-07,Cash on Delivery
2594,274,2024-02-07,UPI
2595,899,2024-11-24,Net Banking
2596,603,2025-04-15,Credit Card
2597,189,2025-03-15,Debit Card
2598,92,2024-12-15,Cash on Delivery
2599,598,2024-06-17,Debit Card
2600,591,2024-03-06,UPI
2601,288,2025-06-08,Net Banking
2602,970,2024-02-12,UPI
2603,684,2024-12-11,Credit Card
2604,686,2024-03-29,Cash on Delivery
2605,895,2024-01-14,UPI
2606,454,2024-02-25,Credit Card
2607,184,2025-05-26,Cash on Delivery
2608,423,2025-01-19,UPI
2609,653,2025-02-26,Debit Card
2610,518,2023-12-25,Net Banking
2611,943,2024-01-17,Debit Card
2612,185,2024-03-23,Net Banking
2613,371,2024-01-03,Cash on Delivery
2614,680,2025-08-22,Credit Card
2615,287,2025-08-10,Cash on Delivery
2616,250,2024-07-05,Credit Card
2617,747,2024-05-24,Net Banking
2618,637,2024-09-22,Cash on Delivery
2619,811,2025-08-23,Credit Card
2620,454,2025-02-10,Net Banking
2621,895,2024-12-29,Credit Card
2622,807,2024-06-10,Credit Card
2623,439,2024-12-14,Net Banking
2624,708,2024-03-21,Credit Card
2625,229,2025-08-08,Credit Card
2626,371,2024-12-25,Debit Card
2627,421,2025-04-18,Cash on Delivery
2628,377,2025-08-03,Debit Card
2629,471,2025-01-26,Credit Card
2630,248,2024-04-27,Debit Card
2631,544,2024-10-03,Debit Card
2632,530,2024-03-05,Credit Card
2633,434,2023-11-03,UPI
2634,926,2025-06-11,Net Banking
2635,90,2023-12-07,Debit Card
2636,461,2025-03-03,Credit Card
2637,430,2024-02-14,Debit Card
2638,448,2025-05-06,Cash on Delivery
2639,461,2025-04-19,Credit Card
2640,832,2024-11-11,Cash on Delivery
2641,607,2024-02-15,Cash on Delivery
2642,930,2024-06-16,Cash on Delivery
2643,972,2025-03-20,UPI
2644,613,2025-07-20,Debit Card
2645,776,2024-05-15,Credit Card
2646,98,2023-09-28,Net Banking
2647,126,2023-10-05,Credit Card
2648,857,2023-09-26,Credit Card
2649,75,2025-01-28,Cash on Delivery
2650,707,2025-05-29,Net Banking
2651,161,2023-11-29,Cash on Delivery
2652,428,2024-08-27,Credit Card
2653,652,2025-02-23,Credit Card
2654,429,2024-06-09,Credit Card
2655,716,2024-08-31,UPI
2656,528,2025-02-24,Net Banking
2657,482,2024-07-11,Cash on Delivery
2658,173,2025-02-13,UPI
2659,1,2024-07-08,Net Banking
2660,846,2023-12-17,Credit Card
2661,901,2025-08-22,Cash on Delivery
2662,458,2024-09-27,UPI
2663,894,2024-08-08,UPI
2664,258,2024-10-05,Net Banking
2665,493,2024-07-04,Credit Card
2666,827,2025-08-18,Cash on Delivery
2667,480,2025-09-17,Net Banking
2668,142,2025-08-28,Cash on Delivery
2669,568,2025-05-28,Net Banking
2670,697,2025-09-01,Credit Card
2671,538,2024-06-27,Credit Card
2672,685,2025-04-24,Debit Card
2673,311,2024-07-31,Net Banking
2674,528,2024-03-25,Debit Card
2675,821,2024-02-13,Debit Card
2676,892,2025-02-04,Credit Card
2677,242,2025-01-31,Cash on Delivery
2678,183,2025-03-23,Net Banking
2679,529,2024-04-27,UPI
2680,440,2025-07-14,Net Banking
2681,865,2023-11-25,Credit Card
2682,445,2024-09-13,Cash on Delivery
2683,453,2024-04-20,Debit Card
2684,873,2025-02-12,Cash on Delivery
2685,369,2024-10-24,Net Banking
2686,429,2025-03-02,Credit Card
2687,341,2023-10-10,Cash on Delivery
2688,852,2024-08-26,Credit Card
2689,530,2025-07-06,Debit Card
2690,385,2025-01-24,Credit Card
2691,421,2025-08-03,Cash on Delivery
2692,278,2025-07-08,Net Banking
2693,191,2024-12-15,Cash on Delivery
2694,211,2024-04-16,Net Banking
2695,261,2025-06-16,Debit Card
2696,86,2024-08-27,UPI
2697,615,2024-06-08,Net Banking
2698,18,2025-04-23,UPI
2699,543,2025-05-04,Cash on Delivery
2700,150,2024-12-28,Credit Card
2701,355,2024-11-10,Credit Card
2702,582,2024-06-25,Debit Card
2703,695,2023-10-25,Credit Card
2704,382,2024-05-26,Cash on Delivery
2705,169,2023-09-25,Debit Card
2706,855,2024-04-20,Debit Card
2707,867,2025-05-10,Credit Card
2708,288,2025-01-15,Debit Card
2709,292,2024-09-04,Cash on Delivery
2710,17,2025-04-15,Net Banking
2711,472,2025-06-15,UPI
2712,37,2024-03-12,UPI
2713,415,2024-10-01,Net Banking
2714,754,2024-10-23,Cash on Delivery
2715,844,2023-12-26,Net Banking
2716,276,2025-03-16,Net Banking
2717,335,2025-02-01,UPI
2718,243,2024-04-08,Cash on Delivery
2719,540,2023-10-01,Credit Card
2720,153,2024-03-21,Credit Card
2721,269,2023-10-25,Cash on Delivery
2722,433,2024-01-01,Debit Card
2723,814,2024-10-11,Debit Card
2724,313,2024-04-07,UPI
2725,974,2025-05-15,UPI
2726,509,2024-02-23,UPI
2727,145,2025-08-22,Debit Card
2728,756,2025-08-03,Credit Card
2729,593,2024-12-02,Debit Card
2730,459,2023-11-03,Net Banking
2731,191,2023-10-19,Credit Card
2732,698,2024-03-20,Debit Card
2733,785,2025-03-31,Credit Card
2734,843,2025-07-05,UPI
2735,902,2024-10-15,Net Banking
2736,554,2025-01-11,Credit Card
2737,704,2024-01-27,UPI
2738,779,2024-04-24,Credit Card
2739,995,2025-02-12,UPI
2740,332,2024-07-02,Net Banking
2741,516,2023-10-30,Net Banking
2742,595,2023-11-29,UPI
2743,32,2025-03-11,Credit Card
2744,670,2025-05-12,Net Banking
2745,442,2025-04-23,UPI
2746,937,2025-03-15,Net Banking
2747,573,2024-10-21,Debit Card
2748,401,2025-04-01,Cash on Delivery
2749,902,2023-09-21,Cash on Delivery
2750,19,2024-08-18,UPI
2751,380,2025-04-25,UPI
2752,528,2023-12-21,Credit Card
2753,504,2024-09-15,UPI
2754,111,2025-04-28,Net Banking
2755,246,2023-12-16,Debit Card
2756,433,2024-09-05,Credit Card
2757,95,2023-10-24,Credit Card
2758,65,2024-08-30,UPI
2759,520,2024-08-19,Cash on Delivery
2760,254,2025-07-16,Net Banking
2761,869,2024-09-11,Debit Card
2762,719,2025-02-21,Cash on Delivery
2763,649,2024-01-06,Credit Card
2764,184,2024-02-26,UPI
2765,570,2023-11-18,UPI
2766,796,2023-12-28,Debit Card
2767,188,2024-06-25,UPI
2768,649,2025-07-04,Credit Card
2769,37,2024-12-16,Cash on Delivery
2770,549,2024-09-19,UPI
2771,122,2025-03-24,Cash on Delivery
2772,539,2024-04-07,Credit Card
2773,273,2024-05-11,Cash on Delivery
2774,45,2025-05-11,Credit Card
2775,859,2025-04-19,Credit Card
2776,802,2025-07-31,UPI
2777,716,2024-01-27,Credit Card
2778,433,2024-04-15,Debit Card
2779,893,2024-03-20,UPI
2780,732,2024-11-08,UPI
2781,451,2023-11-13,UPI
2782,890,2024-01-08,UPI
2783,981,2024-04-28,Cash on Delivery
2784,888,2024-03-23,Cash on Delivery
2785,783,2025-09-05,UPI
2786,285,2024-11-09,Cash on Delivery
2787,571,2025-04-15,Credit Card
2788,331,2025-03-21,UPI
2789,893,2024-01-02,UPI
2790,903,2025-07-20,Credit Card
2791,169,2024-03-18,Net Banking
2792,785,2025-04-27,Net Banking
2793,975,2025-07-27,Net Banking
2794,777,2025-02-24,Cash on Delivery
2795,646,2024-07-08,Net Banking
2796,688,2025-07-19,Cash on Delivery
2797,551,2025-02-19,Credit Card
2798,301,2025-08-15,Debit Card
2799,402,2024-07-27,Credit Card
2800,337,2024-11-15,Net Banking
2801,319,2025-07-06,UPI
2802,915,2023-10-17,Debit Card
2803,8,2024-12-30,UPI
2804,864,2024-10-26,Debit Card
2805,494,2025-04-15,Debit Card
2806,895,2024-08-04,Cash on Delivery
2807,862,2023-12-21,UPI
2808,484,2025-06-25,Debit Card
2809,180,2024-05-23,Debit Card
2810,255,2023-12-07,Net Banking
2811,669,2025-08-02,Credit Card
2812,355,2024-08-18,Net Banking
2813,752,2025-03-02,Credit Card
2814,263,2025-07-19,Cash on Delivery
2815,963,2024-10-28,UPI
2816,370,2025-04-30,Credit Card
2817,816,2024-02-17,Credit Card
2818,230,2024-06-06,Net Banking
2819,686,2024-08-17,UPI
2820,786,2024-07-27,Cash on Delivery
2821,928,2025-05-10,Cash on Delivery
2822,408,2024-12-19,Debit Card
2823,372,2025-05-05,Credit Card
2824,625,2025-01-14,Net Banking
2825,295,2025-01-04,Net Banking
2826,315,2024-08-26,Net Banking
2827,779,2025-09-04,Net Banking
2828,320,2024-12-21,Cash on Delivery
2829,385,2023-10-11,Credit Card
2830,676,2024-07-26,Cash on Delivery
2831,97,2023-11-03,Net Banking
2832,447,2024-10-24,Credit Card
2833,567,2025-08-10,UPI
2834,722,2025-04-14,Cash on Delivery
2835,309,2024-07-25,Credit Card
2836,733,2025-01-31,Credit Card
2837,641,2023-12-25,Cash on Delivery
2838,628,2025-08-12,Debit Card
2839,12,2025-07-19,Credit Card
2840,512,2023-09-26,Credit Card
2841,696,2025-02-24,Cash on Delivery
2842,126,2023-12-12,Cash on Delivery
2843,656,2025-03-11,Debit Card
2844,277,2024-08-31,Cash on Delivery
2845,373,2023-12-08,UPI
2846,75,2025-08-21,Net Banking
2847,774,2023-12-29,Credit Card
2848,435,2023-11-24,Credit Card
2849,619,2024-08-19,Net Banking
2850,702,2023-11-09,Credit Card
2851,673,2025-08-03,UPI
2852,907,2025-07-24,Cash on Delivery
2853,884,2023-09-26,Debit Card
2854,184,2024-05-07,Debit Card
2855,611,2025-06-10,Credit Card
2856,460,2023-12-11,UPI
2857,768,2024-08-03,Debit Card
2858,204,2024-05-28,Net Banking
2859,183,2024-02-28,Debit Card
2860,159,2025-04-13,Credit Card
2861,87,2023-11-29,Debit Card
2862,129,2024-12-03,Cash on Delivery
2863,771,2025-08-28,UPI
2864,455,2025-03-13,Credit Card
2865,194,2024-07-08,UPI
2866,942,2025-02-25,Net Banking
2867,962,2023-10-15,Cash on Delivery
2868,856,2025-02-07,Credit Card
2869,300,2024-11-25,Credit Card
2870,40,2024-11-08,Net Banking
2871,858,2025-05-22,Debit Card
2872,198,2024-03-29,Debit Card
2873,708,2025-04-29,Cash on Delivery
2874,653,2025-01-18,UPI
2875,20,2024-10-03,Cash on Delivery
2876,741,2023-09-29,UPI
2877,650,2025-01-09,Cash on Delivery
2878,727,2024-11-12,Credit Card
2879,239,2024-02-11,Net Banking
2880,800,2023-12-17,Cash on Delivery
2881,171,2024-03-08,Credit Card
2882,149,2025-02-01,Credit Card
2883,837,2025-02-15,Debit Card
2884,94,2024-11-19,UPI
2885,777,2025-03-19,Cash on Delivery
2886,262,2023-11-02,UPI
2887,679,2025-08-03,Cash on Delivery
2888,284,2025-03-18,Debit Card
2889,828,2024-05-17,Cash on Delivery
2890,810,2025-02-20,Debit Card
2891,999,2025-03-15,Credit Card
2892,826,2024-08-22,Debit Card
2893,782,2023-10-13,Debit Card
2894,500,2024-06-18,Cash on Delivery
2895,178,2025-01-30,Credit Card
2896,862,2024-06-08,Credit Card
2897,676,2025-07-01,Debit Card
2898,727,2024-12-02,Cash on Delivery
2899,774,2024-09-19,Debit Card
2900,432,2024-01-31,Net Banking
2901,110,2024-01-09,Credit Card
2902,268,2024-11-06,Net Banking
2903,324,2024-06-06,Cash on Delivery
2904,255,2025-09-18,UPI
2905,894,2024-11-27,Debit Card
2906,64,2025-08-24,Net Banking
2907,70,2025-07-08,Cash on Delivery
2908,900,2025-04-09,Debit Card
2909,755,2025-02-04,Debit Card
2910,503,2023-12-07,Debit Card
2911,318,2024-12-18,Debit Card
2912,996,2025-07-15,Credit Card
2913,687,2025-02-18,Net Banking
2914,526,2025-05-21,Credit Card
2915,881,2025-06-05,Debit Card
2916,901,2025-08-01,Net Banking
2917,811,2025-07-14,Net Banking
2918,734,2025-09-10,UPI
2919,803,2024-09-07,Debit Card
2920,59,2024-06-15,Debit Card
2921,952,2025-03-01,Credit Card
2922,812,2025-04-09,Net Banking
2923,933,2024-03-15,UPI
2924,342,2025-01-18,Debit Card
2925,254,2024-09-24,Cash on Delivery
2926,368,2024-11-13,Cash on Delivery
2927,752,2025-05-07,Debit Card
2928,644,2025-01-25,Debit Card
2929,279,2025-02-21,UPI
2930,238,2023-11-24,Net Banking
2931,30,2024-01-30,Credit Card
2932,850,2024-03-04,Debit Card
2933,42,2025-04-08,Cash on Delivery
2934,900,2024-09-26,Credit Card
2935,131,2025-04-29,UPI
2936,242,2025-05-01,Credit Card
2937,647,2024-12-23,Debit Card
2938,711,2023-11-18,Cash on Delivery
2939,80,2024-11-06,UPI
2940,320,2024-04-30,UPI
2941,554,2024-11-15,Debit Card
2942,497,2024-04-10,UPI
2943,649,2023-12-16,UPI
2944,603,2025-06-30,UPI
2945,313,2024-05-21,Credit Card
2946,935,2024-09-20,Debit Card
2947,394,2024-01-05,Debit Card
2948,366,2024-08-21,UPI
2949,703,2025-08-20,Credit Card
2950,993,2024-08-25,Cash on Delivery
2951,71,2023-10-20,Credit Card
2952,28,2024-07-06,Credit Card
2953,910,2024-09-15,Credit Card
2954,573,2024-12-27,Debit Card
2955,485,2024-12-28,Debit Card
2956,137,2023-09-29,Credit Card
2957,513,2024-02-05,UPI
2958,918,2023-11-23,Cash on Delivery
2959,652,2024-09-05,UPI
2960,395,2024-12-12,Credit Card
2961,119,2024-04-20,Credit Card
2962,264,2025-05-16,Cash on Delivery
2963,87,2025-09-12,Net Banking
2964,470,2025-02-15,Net Banking
2965,257,2025-01-07,Debit Card
2966,152,2024-09-06,UPI
2967,3,2024-01-30,Net Banking
2968,167,2023-10-04,Credit Card
2969,481,2023-09-22,Debit Card
2970,310,2023-10-16,Debit Card
2971,702,2023-09-22,Cash on Delivery
2972,977,2025-05-09,Debit Card
2973,98,2025-03-22,Debit Card
2974,265,2024-04-20,Debit Card
2975,26,2024-10-01,Net Banking
2976,527,2024-08-20,UPI
2977,587,2025-01-29,Debit Card
2978,869,2024-12-27,Debit Card
2979,586,2025-01-10,UPI
2980,149,2025-08-28,Net Banking
2981,958,2024-03-20,Debit Card
2982,723,2025-06-05,Net Banking
2983,373,2024-04-07,Cash on Delivery
2984,671,2023-11-18,UPI
2985,96,2025-01-22,Cash on Delivery
2986,571,2024-01-06,Credit Card
2987,193,2024-01-12,Credit Card
2988,799,2023-10-21,Credit Card
2989,788,2024-01-10,Cash on Delivery
2990,968,2024-11-09,Debit Card
2991,290,2024-12-01,Credit Card
2992,696,2024-05-08,Cash on Delivery
2993,223,2024-08-12,Credit Card
2994,50,2024-04-26,Cash on Delivery
2995,894,2024-04-17,Debit Card
2996,840,2024-05-06,Debit Card
2997,767,2024-01-05,Cash on Delivery
2998,304,2023-09-21,Debit Card
2999,111,2025-04-07,Net Banking
3000,417,2025-05-16,Credit Card
